[INFO] Scanning for projects...
[INFO] 
[INFO] ----------------------------< com.web:app >-----------------------------
[INFO] Building app 0.0.1-SNAPSHOT
[INFO]   from pom.xml
[INFO] --------------------------------[ jar ]---------------------------------
[INFO] 
[INFO] >>> spring-boot:4.1.1-SNAPSHOT:run (default-cli) > test-compile @ app >>>
[INFO] 
[INFO] --- resources:3.5.0:resources (default-resources) @ app ---
[INFO] Copying 1 resource from src\main\resources to target\classes
[INFO] Copying 20 resources from src\main\resources to target\classes
[INFO] 
[INFO] --- compiler:3.15.0:compile (default-compile) @ app ---
[INFO] Nothing to compile - all classes are up to date.
[INFO] 
[INFO] --- resources:3.5.0:testResources (default-testResources) @ app ---
[INFO] skip non existing resourceDirectory D:\Codedao2\website_ban_mu_thoi_trang\app\src\test\resources
[INFO] 
[INFO] --- compiler:3.15.0:testCompile (default-testCompile) @ app ---
[INFO] Nothing to compile - all classes are up to date.
[INFO] 
[INFO] <<< spring-boot:4.1.1-SNAPSHOT:run (default-cli) < test-compile @ app <<<
[INFO] 
[INFO] 
[INFO] --- spring-boot:4.1.1-SNAPSHOT:run (default-cli) @ app ---
[INFO] Attaching agents: []

  .   ____          _            __ _ _
 /\\ / ___'_ __ _ _(_)_ __  __ _ \ \ \ \
( ( )\___ | '_ | '_| | '_ \/ _` | \ \ \ \
 \\/  ___)| |_)| | | | | || (_| |  ) ) ) )
  '  |____| .__|_| |_|_| |_\__, | / / / /
 =========|_|==============|___/=/_/_/_/

 :: Spring Boot ::       (v4.1.1-SNAPSHOT)

2026-06-21T02:50:23.904+07:00  INFO 32384 --- [app] [           main] com.web.app.AppApplication               : Starting AppApplication using Java 21.0.7 with PID 32384 (D:\Codedao2\website_ban_mu_thoi_trang\app\target\classes started by admin in D:\Codedao2\website_ban_mu_thoi_trang\app)
2026-06-21T02:50:23.906+07:00  INFO 32384 --- [app] [           main] com.web.app.AppApplication               : No active profile set, falling back to 1 default profile: "default"
2026-06-21T02:50:24.365+07:00  INFO 32384 --- [app] [           main] .s.d.r.c.RepositoryConfigurationDelegate : Bootstrapping Spring Data JPA repositories in DEFAULT mode.
2026-06-21T02:50:24.423+07:00  INFO 32384 --- [app] [           main] .s.d.r.c.RepositoryConfigurationDelegate : Finished Spring Data repository scanning in 52 ms. Found 9 JPA repository interfaces.
2026-06-21T02:50:24.789+07:00  INFO 32384 --- [app] [           main] o.s.boot.tomcat.TomcatWebServer          : Tomcat initialized with port 8085 (http)
2026-06-21T02:50:24.804+07:00  INFO 32384 --- [app] [           main] o.apache.catalina.core.StandardService   : Starting service [Tomcat]
2026-06-21T02:50:24.804+07:00  INFO 32384 --- [app] [           main] o.apache.catalina.core.StandardEngine    : Starting Servlet engine: [Apache Tomcat/11.0.22]
2026-06-21T02:50:24.883+07:00  INFO 32384 --- [app] [           main] b.w.c.s.WebApplicationContextInitializer : Root WebApplicationContext: initialization completed in 943 ms
2026-06-21T02:50:25.058+07:00  INFO 32384 --- [app] [           main] org.hibernate.orm.jpa                    : HHH008540: Processing PersistenceUnitInfo [name: default]
2026-06-21T02:50:25.106+07:00  INFO 32384 --- [app] [           main] org.hibernate.orm.core                   : HHH000001: Hibernate ORM core version 7.4.1.Final
2026-06-21T02:50:25.399+07:00  INFO 32384 --- [app] [           main] o.s.o.j.p.SpringPersistenceUnitInfo      : No LoadTimeWeaver setup: ignoring JPA class transformer
2026-06-21T02:50:25.422+07:00  INFO 32384 --- [app] [           main] com.zaxxer.hikari.HikariDataSource       : HikariPool-1 - Starting...
2026-06-21T02:50:25.664+07:00  INFO 32384 --- [app] [           main] com.zaxxer.hikari.pool.HikariPool        : HikariPool-1 - Added connection ConnectionID:1 ClientConnectionId: ead47bcf-0917-4487-8126-00ce155d243a
2026-06-21T02:50:25.666+07:00  INFO 32384 --- [app] [           main] com.zaxxer.hikari.HikariDataSource       : HikariPool-1 - Start completed.
2026-06-21T02:50:25.694+07:00  WARN 32384 --- [app] [           main] org.hibernate.orm.deprecation            : HHH90000025: SQLServerDialect does not need to be specified explicitly using 'hibernate.dialect' (remove the property setting and it will be selected by default)
2026-06-21T02:50:25.710+07:00  INFO 32384 --- [app] [           main] org.hibernate.orm.connections.pooling    : HHH10001005: Database info:
	Database JDBC URL [jdbc:sqlserver://localhost:1433;concatNullYieldsNull=ON;quotedIdentifier=ON;connectRetryInterval=10;connectRetryCount=1;maxResultBuffer=-1;sendTemporalDataTypesAsStringForBulkCopy=true;delayLoadingLobs=true;useFmtOnly=false;vectorTypeSupport=v1;cacheBulkCopyMetadata=false;bulkCopyForBatchInsertAllowEncryptedValueModifications=false;bulkCopyForBatchInsertTableLock=false;bulkCopyForBatchInsertKeepNulls=false;bulkCopyForBatchInsertKeepIdentity=false;bulkCopyForBatchInsertFireTriggers=false;bulkCopyForBatchInsertCheckConstraints=false;bulkCopyForBatchInsertBatchSize=0;useBulkCopyForBatchInsert=false;cancelQueryTimeout=-1;sslProtocol=TLS;calcBigDecimalPrecision=false;useDefaultJaasConfig=false;jaasConfigurationName=SQLJDBCDriver;statementPoolingCacheSize=0;serverPreparedStatementDiscardThreshold=10;enablePrepareOnFirstPreparedStatementCall=false;fips=false;socketTimeout=0;authentication=NotSpecified;authenticationScheme=nativeAuthentication;xopenStates=false;datetimeParameterType=datetime2;sendTimeAsDatetime=true;replication=false;trustStoreType=JKS;trustServerCertificate=true;TransparentNetworkIPResolution=true;iPAddressPreference=IPv4First;serverNameAsACE=false;sendStringParametersAsUnicode=true;selectMethod=direct;responseBuffering=adaptive;queryTimeout=-1;packetSize=8000;multiSubnetFailover=false;loginTimeout=30;lockTimeout=-1;lastUpdateCount=true;useDefaultGSSCredential=false;prepareMethod=prepexec;encrypt=true;disableStatementPooling=true;databaseName=WebsiteBanMu;columnEncryptionSetting=Disabled;applicationName=Microsoft JDBC Driver for SQL Server;applicationIntent=readwrite;]
	Database driver: Microsoft JDBC Driver 13.4 for SQL Server
	Database dialect: SQLServerDialect
	Database version: 16.0
	Default catalog/schema: WebsiteBanMu/dbo
	Autocommit mode: undefined/unknown
	Isolation level: READ_COMMITTED [default READ_COMMITTED]
	JDBC fetch size: 128
	Pool: DataSourceConnectionProvider
	Minimum pool size: undefined/unknown
	Maximum pool size: undefined/unknown
2026-06-21T02:50:26.454+07:00  INFO 32384 --- [app] [           main] org.hibernate.orm.core                   : HHH000489: No JTA platform available (set 'hibernate.transaction.jta.platform' to enable JTA platform integration)
Hibernate: 
    alter table san_pham 
       alter column mo_ta NVARCHAR(MAX)
2026-06-21T02:50:26.595+07:00  INFO 32384 --- [app] [           main] j.LocalContainerEntityManagerFactoryBean : Initialized JPA EntityManagerFactory for persistence unit 'default'
2026-06-21T02:50:26.653+07:00  INFO 32384 --- [app] [           main] o.s.d.j.r.query.QueryEnhancerFactories   : Hibernate is in classpath; If applicable, HQL parser will be used.
2026-06-21T02:50:27.394+07:00  WARN 32384 --- [app] [           main] JpaBaseConfiguration$JpaWebConfiguration : spring.jpa.open-in-view is enabled by default. Therefore, database queries may be performed during view rendering. Explicitly configure spring.jpa.open-in-view to disable this warning
2026-06-21T02:50:27.413+07:00  INFO 32384 --- [app] [           main] o.s.b.w.a.WelcomePageHandlerMapping      : Adding welcome page template: index
2026-06-21T02:50:27.660+07:00  INFO 32384 --- [app] [           main] o.s.boot.tomcat.TomcatWebServer          : Tomcat started on port 8085 (http) with context path '/'
2026-06-21T02:50:27.663+07:00  INFO 32384 --- [app] [           main] com.web.app.AppApplication               : Started AppApplication in 4.081 seconds (process running for 4.422)
Hibernate: 
    select
        tk1_0.id,
        tk1_0.mat_khau,
        tk1_0.ten_dang_nhap,
        tk1_0.trang_thai,
        tk1_0.vai_tro 
    from
        tai_khoan tk1_0 
    where
        tk1_0.ten_dang_nhap=?
Hibernate: 
    select
        tk1_0.id,
        tk1_0.mat_khau,
        tk1_0.ten_dang_nhap,
        tk1_0.trang_thai,
        tk1_0.vai_tro 
    from
        tai_khoan tk1_0 
    where
        tk1_0.ten_dang_nhap=?
Hibernate: 
    select
        count_big(*) 
    from
        danh_muc dm1_0
Hibernate: 
    select
        count_big(*) 
    from
        thuong_hieu th1_0
Hibernate: 
    select
        count_big(*) 
    from
        san_pham sp1_0
2026-06-21T02:50:44.127+07:00  INFO 32384 --- [app] [nio-8085-exec-1] o.a.c.c.C.[Tomcat].[localhost].[/]       : Initializing Spring DispatcherServlet 'dispatcherServlet'
2026-06-21T02:50:44.127+07:00  INFO 32384 --- [app] [nio-8085-exec-1] o.s.web.servlet.DispatcherServlet        : Initializing Servlet 'dispatcherServlet'
2026-06-21T02:50:44.129+07:00  INFO 32384 --- [app] [nio-8085-exec-1] o.s.web.servlet.DispatcherServlet        : Completed initialization in 2 ms
Hibernate: 
    select
        top (?) sp1_0.id,
        sp1_0.anh_url,
        sp1_0.danh_muc_id,
        sp1_0.gia,
        sp1_0.mo_ta,
        sp1_0.ngay_tao,
        sp1_0.so_luong,
        sp1_0.ten_san_pham,
        sp1_0.thuong_hieu_id 
    from
        san_pham sp1_0 
    where
        (
            ? is null 
            or sp1_0.ten_san_pham like ? 
            or sp1_0.mo_ta like ?
        ) 
        and (
            ? is null 
            or sp1_0.danh_muc_id=?
        ) 
        and (
            ? is null 
            or sp1_0.thuong_hieu_id=?
        ) 
        and (
            ? is null 
            or sp1_0.gia>=?
        ) 
        and (
            ? is null 
            or sp1_0.gia<=?
        ) 
    order by
        sp1_0.ngay_tao desc
Hibernate: 
    select
        dm1_0.id,
        dm1_0.mo_ta,
        dm1_0.ten_danh_muc 
    from
        danh_muc dm1_0 
    where
        dm1_0.id=?
Hibernate: 
    select
        th1_0.id,
        th1_0.mo_ta,
        th1_0.ten_thuong_hieu 
    from
        thuong_hieu th1_0 
    where
        th1_0.id=?
Hibernate: 
    select
        th1_0.id,
        th1_0.mo_ta,
        th1_0.ten_thuong_hieu 
    from
        thuong_hieu th1_0 
    where
        th1_0.id=?
Hibernate: 
    select
        th1_0.id,
        th1_0.mo_ta,
        th1_0.ten_thuong_hieu 
    from
        thuong_hieu th1_0 
    where
        th1_0.id=?
Hibernate: 
    select
        th1_0.id,
        th1_0.mo_ta,
        th1_0.ten_thuong_hieu 
    from
        thuong_hieu th1_0 
    where
        th1_0.id=?
Hibernate: 
    select
        count_big(sp1_0.id) 
    from
        san_pham sp1_0 
    where
        (
            ? is null 
            or sp1_0.ten_san_pham like ? 
            or sp1_0.mo_ta like ?
        ) 
        and (
            ? is null 
            or sp1_0.danh_muc_id=?
        ) 
        and (
            ? is null 
            or sp1_0.thuong_hieu_id=?
        ) 
        and (
            ? is null 
            or sp1_0.gia>=?
        ) 
        and (
            ? is null 
            or sp1_0.gia<=?
        )
Hibernate: 
    select
        dm1_0.id,
        dm1_0.mo_ta,
        dm1_0.ten_danh_muc 
    from
        danh_muc dm1_0
Hibernate: 
    select
        th1_0.id,
        th1_0.mo_ta,
        th1_0.ten_thuong_hieu 
    from
        thuong_hieu th1_0
Hibernate: 
    select
        top (?) sp1_0.id,
        sp1_0.anh_url,
        sp1_0.danh_muc_id,
        sp1_0.gia,
        sp1_0.mo_ta,
        sp1_0.ngay_tao,
        sp1_0.so_luong,
        sp1_0.ten_san_pham,
        sp1_0.thuong_hieu_id 
    from
        san_pham sp1_0 
    where
        (
            ? is null 
            or sp1_0.ten_san_pham like ? 
            or sp1_0.mo_ta like ?
        ) 
        and (
            ? is null 
            or sp1_0.danh_muc_id=?
        ) 
        and (
            ? is null 
            or sp1_0.thuong_hieu_id=?
        ) 
        and (
            ? is null 
            or sp1_0.gia>=?
        ) 
        and (
            ? is null 
            or sp1_0.gia<=?
        ) 
    order by
        sp1_0.ngay_tao desc
Hibernate: 
    select
        dm1_0.id,
        dm1_0.mo_ta,
        dm1_0.ten_danh_muc 
    from
        danh_muc dm1_0 
    where
        dm1_0.id=?
Hibernate: 
    select
        th1_0.id,
        th1_0.mo_ta,
        th1_0.ten_thuong_hieu 
    from
        thuong_hieu th1_0 
    where
        th1_0.id=?
Hibernate: 
    select
        dm1_0.id,
        dm1_0.mo_ta,
        dm1_0.ten_danh_muc 
    from
        danh_muc dm1_0
Hibernate: 
    select
        th1_0.id,
        th1_0.mo_ta,
        th1_0.ten_thuong_hieu 
    from
        thuong_hieu th1_0
Hibernate: 
    select
        tk1_0.id,
        tk1_0.mat_khau,
        tk1_0.ten_dang_nhap,
        tk1_0.trang_thai,
        tk1_0.vai_tro 
    from
        tai_khoan tk1_0 
    where
        tk1_0.ten_dang_nhap=?
Hibernate: 
    select
        kh1_0.id,
        kh1_0.dia_chi,
        kh1_0.email,
        kh1_0.ho_ten,
        kh1_0.so_dien_thoai,
        kh1_0.tai_khoan_id 
    from
        khach_hang kh1_0 
    where
        kh1_0.tai_khoan_id=?
Hibernate: 
    select
        tk1_0.id,
        tk1_0.mat_khau,
        tk1_0.ten_dang_nhap,
        tk1_0.trang_thai,
        tk1_0.vai_tro 
    from
        tai_khoan tk1_0 
    where
        tk1_0.ten_dang_nhap=?
Hibernate: 
    select
        kh1_0.id,
        kh1_0.dia_chi,
        kh1_0.email,
        kh1_0.ho_ten,
        kh1_0.so_dien_thoai,
        kh1_0.tai_khoan_id 
    from
        khach_hang kh1_0 
    where
        kh1_0.tai_khoan_id=?
Hibernate: 
    select
        tk1_0.id,
        tk1_0.mat_khau,
        tk1_0.ten_dang_nhap,
        tk1_0.trang_thai,
        tk1_0.vai_tro 
    from
        tai_khoan tk1_0 
    where
        tk1_0.ten_dang_nhap=?
Hibernate: 
    SELECT
        CONVERT(VARCHAR(10), ngay_dat, 120) AS date,
        SUM(tong_tien) AS revenue,
        COUNT(id) AS orders 
    FROM
        DonHang 
    WHERE
        trang_thai = N'DELIVERED' 
    GROUP BY
        CONVERT(VARCHAR(10), ngay_dat, 120) 
    ORDER BY
        date DESC
2026-06-21T02:52:41.216+07:00  WARN 32384 --- [app] [nio-8085-exec-6] org.hibernate.orm.jdbc.error             : HHH000247: ErrorCode: 208, SQLState: S0002
2026-06-21T02:52:41.216+07:00  WARN 32384 --- [app] [nio-8085-exec-6] org.hibernate.orm.jdbc.error             : Invalid object name 'DonHang'.
2026-06-21T02:52:41.235+07:00 ERROR 32384 --- [app] [nio-8085-exec-6] o.a.c.c.C.[.[.[/].[dispatcherServlet]    : Servlet.service() for servlet [dispatcherServlet] in context with path [] threw exception [Request processing failed: org.springframework.dao.InvalidDataAccessResourceUsageException: JDBC exception executing SQL [Invalid object name 'DonHang'.] [SELECT CONVERT(VARCHAR(10), ngay_dat, 120) AS date, SUM(tong_tien) AS revenue, COUNT(id) AS orders FROM DonHang WHERE trang_thai = N'DELIVERED' GROUP BY CONVERT(VARCHAR(10), ngay_dat, 120) ORDER BY date DESC]; SQL [SELECT CONVERT(VARCHAR(10), ngay_dat, 120) AS date, SUM(tong_tien) AS revenue, COUNT(id) AS orders FROM DonHang WHERE trang_thai = N'DELIVERED' GROUP BY CONVERT(VARCHAR(10), ngay_dat, 120) ORDER BY date DESC]] with root cause

com.microsoft.sqlserver.jdbc.SQLServerException: Invalid object name 'DonHang'.
	at com.microsoft.sqlserver.jdbc.SQLServerException.makeFromDatabaseError(SQLServerException.java:356) ~[mssql-jdbc-13.4.0.jre11.jar:na]
	at com.microsoft.sqlserver.jdbc.SQLServerStatement.getNextResult(SQLServerStatement.java:1927) ~[mssql-jdbc-13.4.0.jre11.jar:na]
	at com.microsoft.sqlserver.jdbc.SQLServerPreparedStatement.doExecutePreparedStatement(SQLServerPreparedStatement.java:764) ~[mssql-jdbc-13.4.0.jre11.jar:na]
	at com.microsoft.sqlserver.jdbc.SQLServerPreparedStatement$PrepStmtExecCmd.doExecute(SQLServerPreparedStatement.java:663) ~[mssql-jdbc-13.4.0.jre11.jar:na]
	at com.microsoft.sqlserver.jdbc.TDSCommand.execute(IOBuffer.java:7832) ~[mssql-jdbc-13.4.0.jre11.jar:na]
	at com.microsoft.sqlserver.jdbc.SQLServerConnection.executeCommand(SQLServerConnection.java:5024) ~[mssql-jdbc-13.4.0.jre11.jar:na]
	at com.microsoft.sqlserver.jdbc.SQLServerStatement.executeCommand(SQLServerStatement.java:364) ~[mssql-jdbc-13.4.0.jre11.jar:na]
	at com.microsoft.sqlserver.jdbc.SQLServerStatement.executeStatement(SQLServerStatement.java:282) ~[mssql-jdbc-13.4.0.jre11.jar:na]
	at com.microsoft.sqlserver.jdbc.SQLServerPreparedStatement.executeQuery(SQLServerPreparedStatement.java:577) ~[mssql-jdbc-13.4.0.jre11.jar:na]
	at com.zaxxer.hikari.pool.ProxyPreparedStatement.executeQuery(ProxyPreparedStatement.java:52) ~[HikariCP-7.0.2.jar:na]
	at com.zaxxer.hikari.pool.HikariProxyPreparedStatement.executeQuery(HikariProxyPreparedStatement.java) ~[HikariCP-7.0.2.jar:na]
	at org.hibernate.sql.results.jdbc.internal.DeferredResultSetAccess.executeQuery(DeferredResultSetAccess.java:269) ~[hibernate-core-7.4.1.Final.jar:7.4.1.Final]
	at org.hibernate.sql.results.jdbc.internal.DeferredResultSetAccess.getResultSet(DeferredResultSetAccess.java:188) ~[hibernate-core-7.4.1.Final.jar:7.4.1.Final]
	at org.hibernate.sql.results.jdbc.internal.AbstractResultSetAccess.getResultSetMetaData(AbstractResultSetAccess.java:52) ~[hibernate-core-7.4.1.Final.jar:7.4.1.Final]
	at org.hibernate.sql.results.jdbc.internal.AbstractResultSetAccess.getColumnCount(AbstractResultSetAccess.java:66) ~[hibernate-core-7.4.1.Final.jar:7.4.1.Final]
	at org.hibernate.query.results.internal.ResultSetMappingImpl.resolve(ResultSetMappingImpl.java:183) ~[hibernate-core-7.4.1.Final.jar:7.4.1.Final]
	at org.hibernate.sql.exec.internal.JdbcSelectExecutorStandardImpl.resolveJdbcValues(JdbcSelectExecutorStandardImpl.java:409) ~[hibernate-core-7.4.1.Final.jar:7.4.1.Final]
	at org.hibernate.sql.exec.internal.JdbcSelectExecutorStandardImpl.resolveJdbcValuesSource(JdbcSelectExecutorStandardImpl.java:349) ~[hibernate-core-7.4.1.Final.jar:7.4.1.Final]
	at org.hibernate.sql.exec.internal.JdbcSelectExecutorStandardImpl.doExecuteQuery(JdbcSelectExecutorStandardImpl.java:143) ~[hibernate-core-7.4.1.Final.jar:7.4.1.Final]
	at org.hibernate.sql.exec.internal.JdbcSelectExecutorStandardImpl.executeQuery(JdbcSelectExecutorStandardImpl.java:100) ~[hibernate-core-7.4.1.Final.jar:7.4.1.Final]
	at org.hibernate.sql.exec.spi.JdbcSelectExecutor.executeQuery(JdbcSelectExecutor.java:63) ~[hibernate-core-7.4.1.Final.jar:7.4.1.Final]
	at org.hibernate.sql.exec.spi.JdbcSelectExecutor.list(JdbcSelectExecutor.java:137) ~[hibernate-core-7.4.1.Final.jar:7.4.1.Final]
	at org.hibernate.sql.exec.spi.JdbcSelectExecutor.list(JdbcSelectExecutor.java:114) ~[hibernate-core-7.4.1.Final.jar:7.4.1.Final]
	at org.hibernate.sql.exec.spi.JdbcSelectExecutor.list(JdbcSelectExecutor.java:104) ~[hibernate-core-7.4.1.Final.jar:7.4.1.Final]
	at org.hibernate.query.sql.internal.NativeSelectQueryPlanImpl.performList(NativeSelectQueryPlanImpl.java:138) ~[hibernate-core-7.4.1.Final.jar:7.4.1.Final]
	at org.hibernate.query.sql.internal.NativeQueryImpl.doList(NativeQueryImpl.java:756) ~[hibernate-core-7.4.1.Final.jar:7.4.1.Final]
	at org.hibernate.query.spi.AbstractSelectionQuery.list(AbstractSelectionQuery.java:153) ~[hibernate-core-7.4.1.Final.jar:7.4.1.Final]
	at org.hibernate.query.Query.getResultList(Query.java:121) ~[hibernate-core-7.4.1.Final.jar:7.4.1.Final]
	at org.springframework.data.jpa.repository.query.JpaQueryExecution$CollectionExecution.doExecute(JpaQueryExecution.java:141) ~[spring-data-jpa-4.1.0.jar:4.1.0]
	at org.springframework.data.jpa.repository.query.JpaQueryExecution.execute(JpaQueryExecution.java:100) ~[spring-data-jpa-4.1.0.jar:4.1.0]
	at org.springframework.data.jpa.repository.query.AbstractJpaQuery.doExecute(AbstractJpaQuery.java:166) ~[spring-data-jpa-4.1.0.jar:4.1.0]
	at org.springframework.data.jpa.repository.query.AbstractJpaQuery.execute(AbstractJpaQuery.java:156) ~[spring-data-jpa-4.1.0.jar:4.1.0]
	at org.springframework.data.repository.core.support.RepositoryMethodInvoker.doInvoke(RepositoryMethodInvoker.java:169) ~[spring-data-commons-4.1.0.jar:4.1.0]
	at org.springframework.data.repository.core.support.RepositoryMethodInvoker.invoke(RepositoryMethodInvoker.java:158) ~[spring-data-commons-4.1.0.jar:4.1.0]
	at org.springframework.data.repository.core.support.QueryExecutorMethodInterceptor.doInvoke(QueryExecutorMethodInterceptor.java:167) ~[spring-data-commons-4.1.0.jar:4.1.0]
	at org.springframework.data.repository.core.support.QueryExecutorMethodInterceptor.invoke(QueryExecutorMethodInterceptor.java:146) ~[spring-data-commons-4.1.0.jar:4.1.0]
	at org.springframework.aop.framework.ReflectiveMethodInvocation.proceed(ReflectiveMethodInvocation.java:179) ~[spring-aop-7.0.8.jar:7.0.8]
	at org.springframework.data.projection.DefaultMethodInvokingMethodInterceptor.invoke(DefaultMethodInvokingMethodInterceptor.java:69) ~[spring-data-commons-4.1.0.jar:4.1.0]
	at org.springframework.aop.framework.ReflectiveMethodInvocation.proceed(ReflectiveMethodInvocation.java:179) ~[spring-aop-7.0.8.jar:7.0.8]
	at org.springframework.transaction.interceptor.TransactionInterceptor$1.proceedWithInvocation(TransactionInterceptor.java:133) ~[spring-tx-7.0.8.jar:7.0.8]
	at org.springframework.transaction.interceptor.TransactionAspectSupport.invokeWithinTransaction(TransactionAspectSupport.java:371) ~[spring-tx-7.0.8.jar:7.0.8]
	at org.springframework.transaction.interceptor.TransactionInterceptor.invoke(TransactionInterceptor.java:130) ~[spring-tx-7.0.8.jar:7.0.8]
	at org.springframework.aop.framework.ReflectiveMethodInvocation.proceed(ReflectiveMethodInvocation.java:179) ~[spring-aop-7.0.8.jar:7.0.8]
	at org.springframework.dao.support.PersistenceExceptionTranslationInterceptor.invoke(PersistenceExceptionTranslationInterceptor.java:135) ~[spring-tx-7.0.8.jar:7.0.8]
	at org.springframework.aop.framework.ReflectiveMethodInvocation.proceed(ReflectiveMethodInvocation.java:179) ~[spring-aop-7.0.8.jar:7.0.8]
	at org.springframework.data.jpa.repository.support.CrudMethodMetadataPostProcessor$CrudMethodMetadataPopulatingMethodInterceptor.invoke(CrudMethodMetadataPostProcessor.java:137) ~[spring-data-jpa-4.1.0.jar:4.1.0]
	at org.springframework.aop.framework.ReflectiveMethodInvocation.proceed(ReflectiveMethodInvocation.java:179) ~[spring-aop-7.0.8.jar:7.0.8]
	at org.springframework.aop.framework.JdkDynamicAopProxy.invoke(JdkDynamicAopProxy.java:222) ~[spring-aop-7.0.8.jar:7.0.8]
	at jdk.proxy2/jdk.proxy2.$Proxy131.thongKeDoanhThuTheoNgay(Unknown Source) ~[na:na]
	at com.web.app.service.ThongKeService.getDoanhThuTheoNgay(ThongKeService.java:31) ~[classes/:na]
	at com.web.app.controller.AdminController.dashboard(AdminController.java:46) ~[classes/:na]
	at java.base/jdk.internal.reflect.DirectMethodHandleAccessor.invoke(DirectMethodHandleAccessor.java:103) ~[na:na]
	at java.base/java.lang.reflect.Method.invoke(Method.java:580) ~[na:na]
	at org.springframework.web.method.support.InvocableHandlerMethod.doInvoke(InvocableHandlerMethod.java:252) ~[spring-web-7.0.8.jar:7.0.8]
	at org.springframework.web.method.support.InvocableHandlerMethod.invokeForRequest(InvocableHandlerMethod.java:184) ~[spring-web-7.0.8.jar:7.0.8]
	at org.springframework.web.servlet.mvc.method.annotation.ServletInvocableHandlerMethod.invokeAndHandle(ServletInvocableHandlerMethod.java:117) ~[spring-webmvc-7.0.8.jar:7.0.8]
	at org.springframework.web.servlet.mvc.method.annotation.RequestMappingHandlerAdapter.invokeHandlerMethod(RequestMappingHandlerAdapter.java:934) ~[spring-webmvc-7.0.8.jar:7.0.8]
	at org.springframework.web.servlet.mvc.method.annotation.RequestMappingHandlerAdapter.handleInternal(RequestMappingHandlerAdapter.java:853) ~[spring-webmvc-7.0.8.jar:7.0.8]
	at org.springframework.web.servlet.mvc.method.AbstractHandlerMethodAdapter.handle(AbstractHandlerMethodAdapter.java:86) ~[spring-webmvc-7.0.8.jar:7.0.8]
	at org.springframework.web.servlet.DispatcherServlet.doDispatch(DispatcherServlet.java:963) ~[spring-webmvc-7.0.8.jar:7.0.8]
	at org.springframework.web.servlet.DispatcherServlet.doService(DispatcherServlet.java:866) ~[spring-webmvc-7.0.8.jar:7.0.8]
	at org.springframework.web.servlet.FrameworkServlet.processRequest(FrameworkServlet.java:1000) ~[spring-webmvc-7.0.8.jar:7.0.8]
	at org.springframework.web.servlet.FrameworkServlet.doGet(FrameworkServlet.java:892) ~[spring-webmvc-7.0.8.jar:7.0.8]
	at jakarta.servlet.http.HttpServlet.service(HttpServlet.java:622) ~[tomcat-embed-core-11.0.22.jar:6.1]
	at org.springframework.web.servlet.FrameworkServlet.service(FrameworkServlet.java:874) ~[spring-webmvc-7.0.8.jar:7.0.8]
	at jakarta.servlet.http.HttpServlet.service(HttpServlet.java:710) ~[tomcat-embed-core-11.0.22.jar:6.1]
	at org.apache.catalina.core.ApplicationFilterChain.doFilter(ApplicationFilterChain.java:128) ~[tomcat-embed-core-11.0.22.jar:11.0.22]
	at org.apache.tomcat.websocket.server.WsFilter.doFilter(WsFilter.java:53) ~[tomcat-embed-websocket-11.0.22.jar:11.0.22]
	at org.apache.catalina.core.ApplicationFilterChain.doFilter(ApplicationFilterChain.java:107) ~[tomcat-embed-core-11.0.22.jar:11.0.22]
	at org.springframework.web.filter.RequestContextFilter.doFilterInternal(RequestContextFilter.java:100) ~[spring-web-7.0.8.jar:7.0.8]
	at org.springframework.web.filter.OncePerRequestFilter.doFilter(OncePerRequestFilter.java:116) ~[spring-web-7.0.8.jar:7.0.8]
	at org.apache.catalina.core.ApplicationFilterChain.doFilter(ApplicationFilterChain.java:107) ~[tomcat-embed-core-11.0.22.jar:11.0.22]
	at org.springframework.web.filter.FormContentFilter.doFilterInternal(FormContentFilter.java:93) ~[spring-web-7.0.8.jar:7.0.8]
	at org.springframework.web.filter.OncePerRequestFilter.doFilter(OncePerRequestFilter.java:116) ~[spring-web-7.0.8.jar:7.0.8]
	at org.apache.catalina.core.ApplicationFilterChain.doFilter(ApplicationFilterChain.java:107) ~[tomcat-embed-core-11.0.22.jar:11.0.22]
	at org.springframework.web.filter.CharacterEncodingFilter.doFilterInternal(CharacterEncodingFilter.java:199) ~[spring-web-7.0.8.jar:7.0.8]
	at org.springframework.web.filter.OncePerRequestFilter.doFilter(OncePerRequestFilter.java:116) ~[spring-web-7.0.8.jar:7.0.8]
	at org.apache.catalina.core.ApplicationFilterChain.doFilter(ApplicationFilterChain.java:107) ~[tomcat-embed-core-11.0.22.jar:11.0.22]
	at org.apache.catalina.core.StandardWrapperValve.invoke(StandardWrapperValve.java:165) ~[tomcat-embed-core-11.0.22.jar:11.0.22]
	at org.apache.catalina.core.StandardContextValve.invoke(StandardContextValve.java:77) ~[tomcat-embed-core-11.0.22.jar:11.0.22]
	at org.apache.catalina.authenticator.AuthenticatorBase.invoke(AuthenticatorBase.java:492) ~[tomcat-embed-core-11.0.22.jar:11.0.22]
	at org.apache.catalina.core.StandardHostValve.invoke(StandardHostValve.java:113) ~[tomcat-embed-core-11.0.22.jar:11.0.22]
	at org.apache.catalina.valves.ErrorReportValve.invoke(ErrorReportValve.java:83) ~[tomcat-embed-core-11.0.22.jar:11.0.22]
	at org.apache.catalina.core.StandardEngineValve.invoke(StandardEngineValve.java:72) ~[tomcat-embed-core-11.0.22.jar:11.0.22]
	at org.apache.catalina.connector.CoyoteAdapter.service(CoyoteAdapter.java:341) ~[tomcat-embed-core-11.0.22.jar:11.0.22]
	at org.apache.coyote.http11.Http11Processor.service(Http11Processor.java:397) ~[tomcat-embed-core-11.0.22.jar:11.0.22]
	at org.apache.coyote.AbstractProcessorLight.process(AbstractProcessorLight.java:63) ~[tomcat-embed-core-11.0.22.jar:11.0.22]
	at org.apache.coyote.AbstractProtocol$ConnectionHandler.process(AbstractProtocol.java:1272) ~[tomcat-embed-core-11.0.22.jar:11.0.22]
	at org.apache.tomcat.util.net.NioEndpoint$SocketProcessor.doRun(NioEndpoint.java:1801) ~[tomcat-embed-core-11.0.22.jar:11.0.22]
	at org.apache.tomcat.util.net.SocketProcessorBase.run(SocketProcessorBase.java:52) ~[tomcat-embed-core-11.0.22.jar:11.0.22]
	at org.apache.tomcat.util.threads.ThreadPoolExecutor.runWorker(ThreadPoolExecutor.java:946) ~[tomcat-embed-core-11.0.22.jar:11.0.22]
	at org.apache.tomcat.util.threads.ThreadPoolExecutor$Worker.run(ThreadPoolExecutor.java:480) ~[tomcat-embed-core-11.0.22.jar:11.0.22]
	at org.apache.tomcat.util.threads.TaskThread$WrappingRunnable.run(TaskThread.java:57) ~[tomcat-embed-core-11.0.22.jar:11.0.22]
	at java.base/java.lang.Thread.run(Thread.java:1583) ~[na:na]

Hibernate: 
    select
        top (?) sp1_0.id,
        sp1_0.anh_url,
        sp1_0.danh_muc_id,
        sp1_0.gia,
        sp1_0.mo_ta,
        sp1_0.ngay_tao,
        sp1_0.so_luong,
        sp1_0.ten_san_pham,
        sp1_0.thuong_hieu_id 
    from
        san_pham sp1_0 
    where
        (
            ? is null 
            or sp1_0.ten_san_pham like ? 
            or sp1_0.mo_ta like ?
        ) 
        and (
            ? is null 
            or sp1_0.danh_muc_id=?
        ) 
        and (
            ? is null 
            or sp1_0.thuong_hieu_id=?
        ) 
        and (
            ? is null 
            or sp1_0.gia>=?
        ) 
        and (
            ? is null 
            or sp1_0.gia<=?
        ) 
    order by
        sp1_0.ngay_tao desc
Hibernate: 
    select
        dm1_0.id,
        dm1_0.mo_ta,
        dm1_0.ten_danh_muc 
    from
        danh_muc dm1_0 
    where
        dm1_0.id=?
Hibernate: 
    select
        th1_0.id,
        th1_0.mo_ta,
        th1_0.ten_thuong_hieu 
    from
        thuong_hieu th1_0 
    where
        th1_0.id=?
Hibernate: 
    select
        th1_0.id,
        th1_0.mo_ta,
        th1_0.ten_thuong_hieu 
    from
        thuong_hieu th1_0 
    where
        th1_0.id=?
Hibernate: 
    select
        th1_0.id,
        th1_0.mo_ta,
        th1_0.ten_thuong_hieu 
    from
        thuong_hieu th1_0 
    where
        th1_0.id=?
Hibernate: 
    select
        th1_0.id,
        th1_0.mo_ta,
        th1_0.ten_thuong_hieu 
    from
        thuong_hieu th1_0 
    where
        th1_0.id=?
Hibernate: 
    select
        dh1_0.id,
        dh1_0.dia_chi_nhan,
        dh1_0.ghi_chu,
        dh1_0.ho_ten_nhan,
        dh1_0.khach_hang_id,
        dh1_0.ngay_dat,
        dh1_0.so_dien_thoai_nhan,
        dh1_0.tong_tien,
        dh1_0.trang_thai 
    from
        don_hang dh1_0 
    order by
        dh1_0.ngay_dat desc
Hibernate: 
    select
        top (?) sp1_0.id,
        sp1_0.anh_url,
        sp1_0.danh_muc_id,
        sp1_0.gia,
        sp1_0.mo_ta,
        sp1_0.ngay_tao,
        sp1_0.so_luong,
        sp1_0.ten_san_pham,
        sp1_0.thuong_hieu_id 
    from
        san_pham sp1_0 
    where
        (
            ? is null 
            or sp1_0.ten_san_pham like ? 
            or sp1_0.mo_ta like ?
        ) 
        and (
            ? is null 
            or sp1_0.danh_muc_id=?
        ) 
        and (
            ? is null 
            or sp1_0.thuong_hieu_id=?
        ) 
        and (
            ? is null 
            or sp1_0.gia>=?
        ) 
        and (
            ? is null 
            or sp1_0.gia<=?
        ) 
    order by
        sp1_0.ngay_tao desc
Hibernate: 
    select
        dm1_0.id,
        dm1_0.mo_ta,
        dm1_0.ten_danh_muc 
    from
        danh_muc dm1_0 
    where
        dm1_0.id=?
Hibernate: 
    select
        th1_0.id,
        th1_0.mo_ta,
        th1_0.ten_thuong_hieu 
    from
        thuong_hieu th1_0 
    where
        th1_0.id=?
Hibernate: 
    select
        th1_0.id,
        th1_0.mo_ta,
        th1_0.ten_thuong_hieu 
    from
        thuong_hieu th1_0 
    where
        th1_0.id=?
Hibernate: 
    select
        th1_0.id,
        th1_0.mo_ta,
        th1_0.ten_thuong_hieu 
    from
        thuong_hieu th1_0 
    where
        th1_0.id=?
Hibernate: 
    select
        th1_0.id,
        th1_0.mo_ta,
        th1_0.ten_thuong_hieu 
    from
        thuong_hieu th1_0 
    where
        th1_0.id=?
Hibernate: 
    select
        count_big(sp1_0.id) 
    from
        san_pham sp1_0 
    where
        (
            ? is null 
            or sp1_0.ten_san_pham like ? 
            or sp1_0.mo_ta like ?
        ) 
        and (
            ? is null 
            or sp1_0.danh_muc_id=?
        ) 
        and (
            ? is null 
            or sp1_0.thuong_hieu_id=?
        ) 
        and (
            ? is null 
            or sp1_0.gia>=?
        ) 
        and (
            ? is null 
            or sp1_0.gia<=?
        )
Hibernate: 
    select
        dm1_0.id,
        dm1_0.mo_ta,
        dm1_0.ten_danh_muc 
    from
        danh_muc dm1_0
Hibernate: 
    select
        th1_0.id,
        th1_0.mo_ta,
        th1_0.ten_thuong_hieu 
    from
        thuong_hieu th1_0
Hibernate: 
    select
        tk1_0.id,
        tk1_0.mat_khau,
        tk1_0.ten_dang_nhap,
        tk1_0.trang_thai,
        tk1_0.vai_tro 
    from
        tai_khoan tk1_0 
    where
        tk1_0.ten_dang_nhap=?
Hibernate: 
    select
        tk1_0.id,
        tk1_0.mat_khau,
        tk1_0.ten_dang_nhap,
        tk1_0.trang_thai,
        tk1_0.vai_tro 
    from
        tai_khoan tk1_0 
    where
        tk1_0.ten_dang_nhap=?
Hibernate: 
    SELECT
        CONVERT(VARCHAR(10), ngay_dat, 120) AS date,
        SUM(tong_tien) AS revenue,
        COUNT(id) AS orders 
    FROM
        DonHang 
    WHERE
        trang_thai = N'DELIVERED' 
    GROUP BY
        CONVERT(VARCHAR(10), ngay_dat, 120) 
    ORDER BY
        date DESC
2026-06-21T02:55:00.223+07:00  WARN 32384 --- [app] [nio-8085-exec-2] org.hibernate.orm.jdbc.error             : HHH000247: ErrorCode: 208, SQLState: S0002
2026-06-21T02:55:00.224+07:00  WARN 32384 --- [app] [nio-8085-exec-2] org.hibernate.orm.jdbc.error             : Invalid object name 'DonHang'.
2026-06-21T02:55:00.226+07:00 ERROR 32384 --- [app] [nio-8085-exec-2] o.a.c.c.C.[.[.[/].[dispatcherServlet]    : Servlet.service() for servlet [dispatcherServlet] in context with path [] threw exception [Request processing failed: org.springframework.dao.InvalidDataAccessResourceUsageException: JDBC exception executing SQL [Invalid object name 'DonHang'.] [SELECT CONVERT(VARCHAR(10), ngay_dat, 120) AS date, SUM(tong_tien) AS revenue, COUNT(id) AS orders FROM DonHang WHERE trang_thai = N'DELIVERED' GROUP BY CONVERT(VARCHAR(10), ngay_dat, 120) ORDER BY date DESC]; SQL [SELECT CONVERT(VARCHAR(10), ngay_dat, 120) AS date, SUM(tong_tien) AS revenue, COUNT(id) AS orders FROM DonHang WHERE trang_thai = N'DELIVERED' GROUP BY CONVERT(VARCHAR(10), ngay_dat, 120) ORDER BY date DESC]] with root cause

com.microsoft.sqlserver.jdbc.SQLServerException: Invalid object name 'DonHang'.
	at com.microsoft.sqlserver.jdbc.SQLServerException.makeFromDatabaseError(SQLServerException.java:356) ~[mssql-jdbc-13.4.0.jre11.jar:na]
	at com.microsoft.sqlserver.jdbc.SQLServerStatement.getNextResult(SQLServerStatement.java:1927) ~[mssql-jdbc-13.4.0.jre11.jar:na]
	at com.microsoft.sqlserver.jdbc.SQLServerPreparedStatement.doExecutePreparedStatement(SQLServerPreparedStatement.java:764) ~[mssql-jdbc-13.4.0.jre11.jar:na]
	at com.microsoft.sqlserver.jdbc.SQLServerPreparedStatement$PrepStmtExecCmd.doExecute(SQLServerPreparedStatement.java:663) ~[mssql-jdbc-13.4.0.jre11.jar:na]
	at com.microsoft.sqlserver.jdbc.TDSCommand.execute(IOBuffer.java:7832) ~[mssql-jdbc-13.4.0.jre11.jar:na]
	at com.microsoft.sqlserver.jdbc.SQLServerConnection.executeCommand(SQLServerConnection.java:5024) ~[mssql-jdbc-13.4.0.jre11.jar:na]
	at com.microsoft.sqlserver.jdbc.SQLServerStatement.executeCommand(SQLServerStatement.java:364) ~[mssql-jdbc-13.4.0.jre11.jar:na]
	at com.microsoft.sqlserver.jdbc.SQLServerStatement.executeStatement(SQLServerStatement.java:282) ~[mssql-jdbc-13.4.0.jre11.jar:na]
	at com.microsoft.sqlserver.jdbc.SQLServerPreparedStatement.executeQuery(SQLServerPreparedStatement.java:577) ~[mssql-jdbc-13.4.0.jre11.jar:na]
	at com.zaxxer.hikari.pool.ProxyPreparedStatement.executeQuery(ProxyPreparedStatement.java:52) ~[HikariCP-7.0.2.jar:na]
	at com.zaxxer.hikari.pool.HikariProxyPreparedStatement.executeQuery(HikariProxyPreparedStatement.java) ~[HikariCP-7.0.2.jar:na]
	at org.hibernate.sql.results.jdbc.internal.DeferredResultSetAccess.executeQuery(DeferredResultSetAccess.java:269) ~[hibernate-core-7.4.1.Final.jar:7.4.1.Final]
	at org.hibernate.sql.results.jdbc.internal.DeferredResultSetAccess.getResultSet(DeferredResultSetAccess.java:188) ~[hibernate-core-7.4.1.Final.jar:7.4.1.Final]
	at org.hibernate.sql.results.jdbc.internal.AbstractResultSetAccess.getResultSetMetaData(AbstractResultSetAccess.java:52) ~[hibernate-core-7.4.1.Final.jar:7.4.1.Final]
	at org.hibernate.sql.results.jdbc.internal.AbstractResultSetAccess.getColumnCount(AbstractResultSetAccess.java:66) ~[hibernate-core-7.4.1.Final.jar:7.4.1.Final]
	at org.hibernate.query.results.internal.ResultSetMappingImpl.resolve(ResultSetMappingImpl.java:183) ~[hibernate-core-7.4.1.Final.jar:7.4.1.Final]
	at org.hibernate.sql.exec.internal.JdbcSelectExecutorStandardImpl.resolveJdbcValues(JdbcSelectExecutorStandardImpl.java:409) ~[hibernate-core-7.4.1.Final.jar:7.4.1.Final]
	at org.hibernate.sql.exec.internal.JdbcSelectExecutorStandardImpl.resolveJdbcValuesSource(JdbcSelectExecutorStandardImpl.java:349) ~[hibernate-core-7.4.1.Final.jar:7.4.1.Final]
	at org.hibernate.sql.exec.internal.JdbcSelectExecutorStandardImpl.doExecuteQuery(JdbcSelectExecutorStandardImpl.java:143) ~[hibernate-core-7.4.1.Final.jar:7.4.1.Final]
	at org.hibernate.sql.exec.internal.JdbcSelectExecutorStandardImpl.executeQuery(JdbcSelectExecutorStandardImpl.java:100) ~[hibernate-core-7.4.1.Final.jar:7.4.1.Final]
	at org.hibernate.sql.exec.spi.JdbcSelectExecutor.executeQuery(JdbcSelectExecutor.java:63) ~[hibernate-core-7.4.1.Final.jar:7.4.1.Final]
	at org.hibernate.sql.exec.spi.JdbcSelectExecutor.list(JdbcSelectExecutor.java:137) ~[hibernate-core-7.4.1.Final.jar:7.4.1.Final]
	at org.hibernate.sql.exec.spi.JdbcSelectExecutor.list(JdbcSelectExecutor.java:114) ~[hibernate-core-7.4.1.Final.jar:7.4.1.Final]
	at org.hibernate.sql.exec.spi.JdbcSelectExecutor.list(JdbcSelectExecutor.java:104) ~[hibernate-core-7.4.1.Final.jar:7.4.1.Final]
	at org.hibernate.query.sql.internal.NativeSelectQueryPlanImpl.performList(NativeSelectQueryPlanImpl.java:138) ~[hibernate-core-7.4.1.Final.jar:7.4.1.Final]
	at org.hibernate.query.sql.internal.NativeQueryImpl.doList(NativeQueryImpl.java:756) ~[hibernate-core-7.4.1.Final.jar:7.4.1.Final]
	at org.hibernate.query.spi.AbstractSelectionQuery.list(AbstractSelectionQuery.java:153) ~[hibernate-core-7.4.1.Final.jar:7.4.1.Final]
	at org.hibernate.query.Query.getResultList(Query.java:121) ~[hibernate-core-7.4.1.Final.jar:7.4.1.Final]
	at org.springframework.data.jpa.repository.query.JpaQueryExecution$CollectionExecution.doExecute(JpaQueryExecution.java:141) ~[spring-data-jpa-4.1.0.jar:4.1.0]
	at org.springframework.data.jpa.repository.query.JpaQueryExecution.execute(JpaQueryExecution.java:100) ~[spring-data-jpa-4.1.0.jar:4.1.0]
	at org.springframework.data.jpa.repository.query.AbstractJpaQuery.doExecute(AbstractJpaQuery.java:166) ~[spring-data-jpa-4.1.0.jar:4.1.0]
	at org.springframework.data.jpa.repository.query.AbstractJpaQuery.execute(AbstractJpaQuery.java:156) ~[spring-data-jpa-4.1.0.jar:4.1.0]
	at org.springframework.data.repository.core.support.RepositoryMethodInvoker.doInvoke(RepositoryMethodInvoker.java:169) ~[spring-data-commons-4.1.0.jar:4.1.0]
	at org.springframework.data.repository.core.support.RepositoryMethodInvoker.invoke(RepositoryMethodInvoker.java:158) ~[spring-data-commons-4.1.0.jar:4.1.0]
	at org.springframework.data.repository.core.support.QueryExecutorMethodInterceptor.doInvoke(QueryExecutorMethodInterceptor.java:167) ~[spring-data-commons-4.1.0.jar:4.1.0]
	at org.springframework.data.repository.core.support.QueryExecutorMethodInterceptor.invoke(QueryExecutorMethodInterceptor.java:146) ~[spring-data-commons-4.1.0.jar:4.1.0]
	at org.springframework.aop.framework.ReflectiveMethodInvocation.proceed(ReflectiveMethodInvocation.java:179) ~[spring-aop-7.0.8.jar:7.0.8]
	at org.springframework.data.projection.DefaultMethodInvokingMethodInterceptor.invoke(DefaultMethodInvokingMethodInterceptor.java:69) ~[spring-data-commons-4.1.0.jar:4.1.0]
	at org.springframework.aop.framework.ReflectiveMethodInvocation.proceed(ReflectiveMethodInvocation.java:179) ~[spring-aop-7.0.8.jar:7.0.8]
	at org.springframework.transaction.interceptor.TransactionInterceptor$1.proceedWithInvocation(TransactionInterceptor.java:133) ~[spring-tx-7.0.8.jar:7.0.8]
	at org.springframework.transaction.interceptor.TransactionAspectSupport.invokeWithinTransaction(TransactionAspectSupport.java:371) ~[spring-tx-7.0.8.jar:7.0.8]
	at org.springframework.transaction.interceptor.TransactionInterceptor.invoke(TransactionInterceptor.java:130) ~[spring-tx-7.0.8.jar:7.0.8]
	at org.springframework.aop.framework.ReflectiveMethodInvocation.proceed(ReflectiveMethodInvocation.java:179) ~[spring-aop-7.0.8.jar:7.0.8]
	at org.springframework.dao.support.PersistenceExceptionTranslationInterceptor.invoke(PersistenceExceptionTranslationInterceptor.java:135) ~[spring-tx-7.0.8.jar:7.0.8]
	at org.springframework.aop.framework.ReflectiveMethodInvocation.proceed(ReflectiveMethodInvocation.java:179) ~[spring-aop-7.0.8.jar:7.0.8]
	at org.springframework.data.jpa.repository.support.CrudMethodMetadataPostProcessor$CrudMethodMetadataPopulatingMethodInterceptor.invoke(CrudMethodMetadataPostProcessor.java:137) ~[spring-data-jpa-4.1.0.jar:4.1.0]
	at org.springframework.aop.framework.ReflectiveMethodInvocation.proceed(ReflectiveMethodInvocation.java:179) ~[spring-aop-7.0.8.jar:7.0.8]
	at org.springframework.aop.framework.JdkDynamicAopProxy.invoke(JdkDynamicAopProxy.java:222) ~[spring-aop-7.0.8.jar:7.0.8]
	at jdk.proxy2/jdk.proxy2.$Proxy131.thongKeDoanhThuTheoNgay(Unknown Source) ~[na:na]
	at com.web.app.service.ThongKeService.getDoanhThuTheoNgay(ThongKeService.java:31) ~[classes/:na]
	at com.web.app.controller.AdminController.dashboard(AdminController.java:46) ~[classes/:na]
	at java.base/jdk.internal.reflect.DirectMethodHandleAccessor.invoke(DirectMethodHandleAccessor.java:103) ~[na:na]
	at java.base/java.lang.reflect.Method.invoke(Method.java:580) ~[na:na]
	at org.springframework.web.method.support.InvocableHandlerMethod.doInvoke(InvocableHandlerMethod.java:252) ~[spring-web-7.0.8.jar:7.0.8]
	at org.springframework.web.method.support.InvocableHandlerMethod.invokeForRequest(InvocableHandlerMethod.java:184) ~[spring-web-7.0.8.jar:7.0.8]
	at org.springframework.web.servlet.mvc.method.annotation.ServletInvocableHandlerMethod.invokeAndHandle(ServletInvocableHandlerMethod.java:117) ~[spring-webmvc-7.0.8.jar:7.0.8]
	at org.springframework.web.servlet.mvc.method.annotation.RequestMappingHandlerAdapter.invokeHandlerMethod(RequestMappingHandlerAdapter.java:934) ~[spring-webmvc-7.0.8.jar:7.0.8]
	at org.springframework.web.servlet.mvc.method.annotation.RequestMappingHandlerAdapter.handleInternal(RequestMappingHandlerAdapter.java:853) ~[spring-webmvc-7.0.8.jar:7.0.8]
	at org.springframework.web.servlet.mvc.method.AbstractHandlerMethodAdapter.handle(AbstractHandlerMethodAdapter.java:86) ~[spring-webmvc-7.0.8.jar:7.0.8]
	at org.springframework.web.servlet.DispatcherServlet.doDispatch(DispatcherServlet.java:963) ~[spring-webmvc-7.0.8.jar:7.0.8]
	at org.springframework.web.servlet.DispatcherServlet.doService(DispatcherServlet.java:866) ~[spring-webmvc-7.0.8.jar:7.0.8]
	at org.springframework.web.servlet.FrameworkServlet.processRequest(FrameworkServlet.java:1000) ~[spring-webmvc-7.0.8.jar:7.0.8]
	at org.springframework.web.servlet.FrameworkServlet.doGet(FrameworkServlet.java:892) ~[spring-webmvc-7.0.8.jar:7.0.8]
	at jakarta.servlet.http.HttpServlet.service(HttpServlet.java:622) ~[tomcat-embed-core-11.0.22.jar:6.1]
	at org.springframework.web.servlet.FrameworkServlet.service(FrameworkServlet.java:874) ~[spring-webmvc-7.0.8.jar:7.0.8]
	at jakarta.servlet.http.HttpServlet.service(HttpServlet.java:710) ~[tomcat-embed-core-11.0.22.jar:6.1]
	at org.apache.catalina.core.ApplicationFilterChain.doFilter(ApplicationFilterChain.java:128) ~[tomcat-embed-core-11.0.22.jar:11.0.22]
	at org.apache.tomcat.websocket.server.WsFilter.doFilter(WsFilter.java:53) ~[tomcat-embed-websocket-11.0.22.jar:11.0.22]
	at org.apache.catalina.core.ApplicationFilterChain.doFilter(ApplicationFilterChain.java:107) ~[tomcat-embed-core-11.0.22.jar:11.0.22]
	at org.springframework.web.filter.RequestContextFilter.doFilterInternal(RequestContextFilter.java:100) ~[spring-web-7.0.8.jar:7.0.8]
	at org.springframework.web.filter.OncePerRequestFilter.doFilter(OncePerRequestFilter.java:116) ~[spring-web-7.0.8.jar:7.0.8]
	at org.apache.catalina.core.ApplicationFilterChain.doFilter(ApplicationFilterChain.java:107) ~[tomcat-embed-core-11.0.22.jar:11.0.22]
	at org.springframework.web.filter.FormContentFilter.doFilterInternal(FormContentFilter.java:93) ~[spring-web-7.0.8.jar:7.0.8]
	at org.springframework.web.filter.OncePerRequestFilter.doFilter(OncePerRequestFilter.java:116) ~[spring-web-7.0.8.jar:7.0.8]
	at org.apache.catalina.core.ApplicationFilterChain.doFilter(ApplicationFilterChain.java:107) ~[tomcat-embed-core-11.0.22.jar:11.0.22]
	at org.springframework.web.filter.CharacterEncodingFilter.doFilterInternal(CharacterEncodingFilter.java:199) ~[spring-web-7.0.8.jar:7.0.8]
	at org.springframework.web.filter.OncePerRequestFilter.doFilter(OncePerRequestFilter.java:116) ~[spring-web-7.0.8.jar:7.0.8]
	at org.apache.catalina.core.ApplicationFilterChain.doFilter(ApplicationFilterChain.java:107) ~[tomcat-embed-core-11.0.22.jar:11.0.22]
	at org.apache.catalina.core.StandardWrapperValve.invoke(StandardWrapperValve.java:165) ~[tomcat-embed-core-11.0.22.jar:11.0.22]
	at org.apache.catalina.core.StandardContextValve.invoke(StandardContextValve.java:77) ~[tomcat-embed-core-11.0.22.jar:11.0.22]
	at org.apache.catalina.authenticator.AuthenticatorBase.invoke(AuthenticatorBase.java:492) ~[tomcat-embed-core-11.0.22.jar:11.0.22]
	at org.apache.catalina.core.StandardHostValve.invoke(StandardHostValve.java:113) ~[tomcat-embed-core-11.0.22.jar:11.0.22]
	at org.apache.catalina.valves.ErrorReportValve.invoke(ErrorReportValve.java:83) ~[tomcat-embed-core-11.0.22.jar:11.0.22]
	at org.apache.catalina.core.StandardEngineValve.invoke(StandardEngineValve.java:72) ~[tomcat-embed-core-11.0.22.jar:11.0.22]
	at org.apache.catalina.connector.CoyoteAdapter.service(CoyoteAdapter.java:341) ~[tomcat-embed-core-11.0.22.jar:11.0.22]
	at org.apache.coyote.http11.Http11Processor.service(Http11Processor.java:397) ~[tomcat-embed-core-11.0.22.jar:11.0.22]
	at org.apache.coyote.AbstractProcessorLight.process(AbstractProcessorLight.java:63) ~[tomcat-embed-core-11.0.22.jar:11.0.22]
	at org.apache.coyote.AbstractProtocol$ConnectionHandler.process(AbstractProtocol.java:1272) ~[tomcat-embed-core-11.0.22.jar:11.0.22]
	at org.apache.tomcat.util.net.NioEndpoint$SocketProcessor.doRun(NioEndpoint.java:1801) ~[tomcat-embed-core-11.0.22.jar:11.0.22]
	at org.apache.tomcat.util.net.SocketProcessorBase.run(SocketProcessorBase.java:52) ~[tomcat-embed-core-11.0.22.jar:11.0.22]
	at org.apache.tomcat.util.threads.ThreadPoolExecutor.runWorker(ThreadPoolExecutor.java:946) ~[tomcat-embed-core-11.0.22.jar:11.0.22]
	at org.apache.tomcat.util.threads.ThreadPoolExecutor$Worker.run(ThreadPoolExecutor.java:480) ~[tomcat-embed-core-11.0.22.jar:11.0.22]
	at org.apache.tomcat.util.threads.TaskThread$WrappingRunnable.run(TaskThread.java:57) ~[tomcat-embed-core-11.0.22.jar:11.0.22]
	at java.base/java.lang.Thread.run(Thread.java:1583) ~[na:na]

Hibernate: 
    select
        top (?) sp1_0.id,
        sp1_0.anh_url,
        sp1_0.danh_muc_id,
        sp1_0.gia,
        sp1_0.mo_ta,
        sp1_0.ngay_tao,
        sp1_0.so_luong,
        sp1_0.ten_san_pham,
        sp1_0.thuong_hieu_id 
    from
        san_pham sp1_0 
    where
        (
            ? is null 
            or sp1_0.ten_san_pham like ? 
            or sp1_0.mo_ta like ?
        ) 
        and (
            ? is null 
            or sp1_0.danh_muc_id=?
        ) 
        and (
            ? is null 
            or sp1_0.thuong_hieu_id=?
        ) 
        and (
            ? is null 
            or sp1_0.gia>=?
        ) 
        and (
            ? is null 
            or sp1_0.gia<=?
        ) 
    order by
        sp1_0.ngay_tao desc
Hibernate: 
    select
        dm1_0.id,
        dm1_0.mo_ta,
        dm1_0.ten_danh_muc 
    from
        danh_muc dm1_0 
    where
        dm1_0.id=?
Hibernate: 
    select
        th1_0.id,
        th1_0.mo_ta,
        th1_0.ten_thuong_hieu 
    from
        thuong_hieu th1_0 
    where
        th1_0.id=?
Hibernate: 
    select
        th1_0.id,
        th1_0.mo_ta,
        th1_0.ten_thuong_hieu 
    from
        thuong_hieu th1_0 
    where
        th1_0.id=?
Hibernate: 
    select
        th1_0.id,
        th1_0.mo_ta,
        th1_0.ten_thuong_hieu 
    from
        thuong_hieu th1_0 
    where
        th1_0.id=?
Hibernate: 
    select
        th1_0.id,
        th1_0.mo_ta,
        th1_0.ten_thuong_hieu 
    from
        thuong_hieu th1_0 
    where
        th1_0.id=?
Hibernate: 
    select
        top (?) sp1_0.id,
        sp1_0.anh_url,
        sp1_0.danh_muc_id,
        sp1_0.gia,
        sp1_0.mo_ta,
        sp1_0.ngay_tao,
        sp1_0.so_luong,
        sp1_0.ten_san_pham,
        sp1_0.thuong_hieu_id 
    from
        san_pham sp1_0 
    where
        (
            ? is null 
            or sp1_0.ten_san_pham like ? 
            or sp1_0.mo_ta like ?
        ) 
        and (
            ? is null 
            or sp1_0.danh_muc_id=?
        ) 
        and (
            ? is null 
            or sp1_0.thuong_hieu_id=?
        ) 
        and (
            ? is null 
            or sp1_0.gia>=?
        ) 
        and (
            ? is null 
            or sp1_0.gia<=?
        ) 
    order by
        sp1_0.ngay_tao desc
Hibernate: 
    select
        dm1_0.id,
        dm1_0.mo_ta,
        dm1_0.ten_danh_muc 
    from
        danh_muc dm1_0 
    where
        dm1_0.id=?
Hibernate: 
    select
        th1_0.id,
        th1_0.mo_ta,
        th1_0.ten_thuong_hieu 
    from
        thuong_hieu th1_0 
    where
        th1_0.id=?
Hibernate: 
    select
        th1_0.id,
        th1_0.mo_ta,
        th1_0.ten_thuong_hieu 
    from
        thuong_hieu th1_0 
    where
        th1_0.id=?
Hibernate: 
    select
        th1_0.id,
        th1_0.mo_ta,
        th1_0.ten_thuong_hieu 
    from
        thuong_hieu th1_0 
    where
        th1_0.id=?
Hibernate: 
    select
        th1_0.id,
        th1_0.mo_ta,
        th1_0.ten_thuong_hieu 
    from
        thuong_hieu th1_0 
    where
        th1_0.id=?
Hibernate: 
    select
        count_big(sp1_0.id) 
    from
        san_pham sp1_0 
    where
        (
            ? is null 
            or sp1_0.ten_san_pham like ? 
            or sp1_0.mo_ta like ?
        ) 
        and (
            ? is null 
            or sp1_0.danh_muc_id=?
        ) 
        and (
            ? is null 
            or sp1_0.thuong_hieu_id=?
        ) 
        and (
            ? is null 
            or sp1_0.gia>=?
        ) 
        and (
            ? is null 
            or sp1_0.gia<=?
        )
Hibernate: 
    select
        dm1_0.id,
        dm1_0.mo_ta,
        dm1_0.ten_danh_muc 
    from
        danh_muc dm1_0
Hibernate: 
    select
        th1_0.id,
        th1_0.mo_ta,
        th1_0.ten_thuong_hieu 
    from
        thuong_hieu th1_0
Hibernate: 
    select
        tk1_0.id,
        tk1_0.mat_khau,
        tk1_0.ten_dang_nhap,
        tk1_0.trang_thai,
        tk1_0.vai_tro 
    from
        tai_khoan tk1_0 
    where
        tk1_0.ten_dang_nhap=?
Hibernate: 
    insert 
    into
        tai_khoan
        (mat_khau, ten_dang_nhap, trang_thai, vai_tro) 
    values
        (?, ?, ?, ?)
Hibernate: 
    insert 
    into
        khach_hang
        (dia_chi, email, ho_ten, so_dien_thoai, tai_khoan_id) 
    values
        (?, ?, ?, ?, ?)
Hibernate: 
    select
        tk1_0.id,
        tk1_0.mat_khau,
        tk1_0.ten_dang_nhap,
        tk1_0.trang_thai,
        tk1_0.vai_tro 
    from
        tai_khoan tk1_0 
    where
        tk1_0.ten_dang_nhap=?
Hibernate: 
    select
        kh1_0.id,
        kh1_0.dia_chi,
        kh1_0.email,
        kh1_0.ho_ten,
        kh1_0.so_dien_thoai,
        kh1_0.tai_khoan_id 
    from
        khach_hang kh1_0 
    where
        kh1_0.tai_khoan_id=?
Hibernate: 
    select
        top (?) sp1_0.id,
        sp1_0.anh_url,
        sp1_0.danh_muc_id,
        sp1_0.gia,
        sp1_0.mo_ta,
        sp1_0.ngay_tao,
        sp1_0.so_luong,
        sp1_0.ten_san_pham,
        sp1_0.thuong_hieu_id 
    from
        san_pham sp1_0 
    where
        (
            ? is null 
            or sp1_0.ten_san_pham like ? 
            or sp1_0.mo_ta like ?
        ) 
        and (
            ? is null 
            or sp1_0.danh_muc_id=?
        ) 
        and (
            ? is null 
            or sp1_0.thuong_hieu_id=?
        ) 
        and (
            ? is null 
            or sp1_0.gia>=?
        ) 
        and (
            ? is null 
            or sp1_0.gia<=?
        ) 
    order by
        sp1_0.ngay_tao desc
Hibernate: 
    select
        dm1_0.id,
        dm1_0.mo_ta,
        dm1_0.ten_danh_muc 
    from
        danh_muc dm1_0 
    where
        dm1_0.id=?
Hibernate: 
    select
        th1_0.id,
        th1_0.mo_ta,
        th1_0.ten_thuong_hieu 
    from
        thuong_hieu th1_0 
    where
        th1_0.id=?
Hibernate: 
    select
        th1_0.id,
        th1_0.mo_ta,
        th1_0.ten_thuong_hieu 
    from
        thuong_hieu th1_0 
    where
        th1_0.id=?
Hibernate: 
    select
        th1_0.id,
        th1_0.mo_ta,
        th1_0.ten_thuong_hieu 
    from
        thuong_hieu th1_0 
    where
        th1_0.id=?
Hibernate: 
    select
        th1_0.id,
        th1_0.mo_ta,
        th1_0.ten_thuong_hieu 
    from
        thuong_hieu th1_0 
    where
        th1_0.id=?
Hibernate: 
    select
        count_big(sp1_0.id) 
    from
        san_pham sp1_0 
    where
        (
            ? is null 
            or sp1_0.ten_san_pham like ? 
            or sp1_0.mo_ta like ?
        ) 
        and (
            ? is null 
            or sp1_0.danh_muc_id=?
        ) 
        and (
            ? is null 
            or sp1_0.thuong_hieu_id=?
        ) 
        and (
            ? is null 
            or sp1_0.gia>=?
        ) 
        and (
            ? is null 
            or sp1_0.gia<=?
        )
Hibernate: 
    select
        dm1_0.id,
        dm1_0.mo_ta,
        dm1_0.ten_danh_muc 
    from
        danh_muc dm1_0
Hibernate: 
    select
        th1_0.id,
        th1_0.mo_ta,
        th1_0.ten_thuong_hieu 
    from
        thuong_hieu th1_0
Hibernate: 
    select
        sp1_0.id,
        sp1_0.anh_url,
        dm1_0.id,
        dm1_0.mo_ta,
        dm1_0.ten_danh_muc,
        sp1_0.gia,
        sp1_0.mo_ta,
        sp1_0.ngay_tao,
        sp1_0.so_luong,
        sp1_0.ten_san_pham,
        th1_0.id,
        th1_0.mo_ta,
        th1_0.ten_thuong_hieu 
    from
        san_pham sp1_0 
    left join
        danh_muc dm1_0 
            on dm1_0.id=sp1_0.danh_muc_id 
    left join
        thuong_hieu th1_0 
            on th1_0.id=sp1_0.thuong_hieu_id 
    where
        sp1_0.id=?
Hibernate: 
    select
        gh1_0.id,
        gh1_0.khach_hang_id,
        gh1_0.ngay_tao 
    from
        gio_hang gh1_0 
    where
        gh1_0.khach_hang_id=?
Hibernate: 
    select
        sp1_0.id,
        sp1_0.anh_url,
        dm1_0.id,
        dm1_0.mo_ta,
        dm1_0.ten_danh_muc,
        sp1_0.gia,
        sp1_0.mo_ta,
        sp1_0.ngay_tao,
        sp1_0.so_luong,
        sp1_0.ten_san_pham,
        th1_0.id,
        th1_0.mo_ta,
        th1_0.ten_thuong_hieu 
    from
        san_pham sp1_0 
    left join
        danh_muc dm1_0 
            on dm1_0.id=sp1_0.danh_muc_id 
    left join
        thuong_hieu th1_0 
            on th1_0.id=sp1_0.thuong_hieu_id 
    where
        sp1_0.id=?
Hibernate: 
    select
        gh1_0.id,
        gh1_0.khach_hang_id,
        gh1_0.ngay_tao 
    from
        gio_hang gh1_0 
    where
        gh1_0.khach_hang_id=?
Hibernate: 
    select
        sp1_0.id,
        sp1_0.anh_url,
        dm1_0.id,
        dm1_0.mo_ta,
        dm1_0.ten_danh_muc,
        sp1_0.gia,
        sp1_0.mo_ta,
        sp1_0.ngay_tao,
        sp1_0.so_luong,
        sp1_0.ten_san_pham,
        th1_0.id,
        th1_0.mo_ta,
        th1_0.ten_thuong_hieu 
    from
        san_pham sp1_0 
    left join
        danh_muc dm1_0 
            on dm1_0.id=sp1_0.danh_muc_id 
    left join
        thuong_hieu th1_0 
            on th1_0.id=sp1_0.thuong_hieu_id 
    where
        sp1_0.id=?
Hibernate: 
    select
        sp1_0.id,
        sp1_0.anh_url,
        dm1_0.id,
        dm1_0.mo_ta,
        dm1_0.ten_danh_muc,
        sp1_0.gia,
        sp1_0.mo_ta,
        sp1_0.ngay_tao,
        sp1_0.so_luong,
        sp1_0.ten_san_pham,
        th1_0.id,
        th1_0.mo_ta,
        th1_0.ten_thuong_hieu 
    from
        san_pham sp1_0 
    left join
        danh_muc dm1_0 
            on dm1_0.id=sp1_0.danh_muc_id 
    left join
        thuong_hieu th1_0 
            on th1_0.id=sp1_0.thuong_hieu_id 
    where
        sp1_0.id=?
Hibernate: 
    select
        gh1_0.id,
        gh1_0.khach_hang_id,
        gh1_0.ngay_tao 
    from
        gio_hang gh1_0 
    where
        gh1_0.khach_hang_id=?
Hibernate: 
    select
        sp1_0.id,
        sp1_0.anh_url,
        dm1_0.id,
        dm1_0.mo_ta,
        dm1_0.ten_danh_muc,
        sp1_0.gia,
        sp1_0.mo_ta,
        sp1_0.ngay_tao,
        sp1_0.so_luong,
        sp1_0.ten_san_pham,
        th1_0.id,
        th1_0.mo_ta,
        th1_0.ten_thuong_hieu 
    from
        san_pham sp1_0 
    left join
        danh_muc dm1_0 
            on dm1_0.id=sp1_0.danh_muc_id 
    left join
        thuong_hieu th1_0 
            on th1_0.id=sp1_0.thuong_hieu_id 
    where
        sp1_0.id=?
Hibernate: 
    select
        gh1_0.id,
        gh1_0.khach_hang_id,
        gh1_0.ngay_tao 
    from
        gio_hang gh1_0 
    where
        gh1_0.khach_hang_id=?
Hibernate: 
    select
        sp1_0.id,
        sp1_0.anh_url,
        dm1_0.id,
        dm1_0.mo_ta,
        dm1_0.ten_danh_muc,
        sp1_0.gia,
        sp1_0.mo_ta,
        sp1_0.ngay_tao,
        sp1_0.so_luong,
        sp1_0.ten_san_pham,
        th1_0.id,
        th1_0.mo_ta,
        th1_0.ten_thuong_hieu 
    from
        san_pham sp1_0 
    left join
        danh_muc dm1_0 
            on dm1_0.id=sp1_0.danh_muc_id 
    left join
        thuong_hieu th1_0 
            on th1_0.id=sp1_0.thuong_hieu_id 
    where
        sp1_0.id=?
Hibernate: 
    select
        gh1_0.id,
        gh1_0.khach_hang_id,
        gh1_0.ngay_tao 
    from
        gio_hang gh1_0 
    where
        gh1_0.khach_hang_id=?
Hibernate: 
    select
        kh1_0.id,
        kh1_0.dia_chi,
        kh1_0.email,
        kh1_0.ho_ten,
        kh1_0.so_dien_thoai,
        kh1_0.tai_khoan_id 
    from
        khach_hang kh1_0 
    where
        kh1_0.id=?
Hibernate: 
    insert 
    into
        gio_hang
        (khach_hang_id, ngay_tao) 
    values
        (?, ?)
Hibernate: 
    select
        sp1_0.id,
        sp1_0.anh_url,
        dm1_0.id,
        dm1_0.mo_ta,
        dm1_0.ten_danh_muc,
        sp1_0.gia,
        sp1_0.mo_ta,
        sp1_0.ngay_tao,
        sp1_0.so_luong,
        sp1_0.ten_san_pham,
        th1_0.id,
        th1_0.mo_ta,
        th1_0.ten_thuong_hieu 
    from
        san_pham sp1_0 
    left join
        danh_muc dm1_0 
            on dm1_0.id=sp1_0.danh_muc_id 
    left join
        thuong_hieu th1_0 
            on th1_0.id=sp1_0.thuong_hieu_id 
    where
        sp1_0.id=?
Hibernate: 
    select
        ctgh1_0.id,
        ctgh1_0.gio_hang_id,
        ctgh1_0.san_pham_id,
        ctgh1_0.so_luong 
    from
        chi_tiet_gio_hang ctgh1_0 
    where
        ctgh1_0.gio_hang_id=? 
        and ctgh1_0.san_pham_id=?
Hibernate: 
    insert 
    into
        chi_tiet_gio_hang
        (gio_hang_id, san_pham_id, so_luong) 
    values
        (?, ?, ?)
Hibernate: 
    select
        gh1_0.id,
        gh1_0.khach_hang_id,
        gh1_0.ngay_tao 
    from
        gio_hang gh1_0 
    where
        gh1_0.khach_hang_id=?
Hibernate: 
    select
        ctgh1_0.id,
        ctgh1_0.gio_hang_id,
        ctgh1_0.san_pham_id,
        ctgh1_0.so_luong 
    from
        chi_tiet_gio_hang ctgh1_0 
    where
        ctgh1_0.gio_hang_id=?
Hibernate: 
    select
        sp1_0.id,
        sp1_0.anh_url,
        dm1_0.id,
        dm1_0.mo_ta,
        dm1_0.ten_danh_muc,
        sp1_0.gia,
        sp1_0.mo_ta,
        sp1_0.ngay_tao,
        sp1_0.so_luong,
        sp1_0.ten_san_pham,
        th1_0.id,
        th1_0.mo_ta,
        th1_0.ten_thuong_hieu 
    from
        san_pham sp1_0 
    left join
        danh_muc dm1_0 
            on dm1_0.id=sp1_0.danh_muc_id 
    left join
        thuong_hieu th1_0 
            on th1_0.id=sp1_0.thuong_hieu_id 
    where
        sp1_0.id=?
Hibernate: 
    select
        gh1_0.id,
        gh1_0.khach_hang_id,
        gh1_0.ngay_tao 
    from
        gio_hang gh1_0 
    where
        gh1_0.khach_hang_id=?
Hibernate: 
    select
        ctgh1_0.id,
        ctgh1_0.gio_hang_id,
        ctgh1_0.san_pham_id,
        ctgh1_0.so_luong 
    from
        chi_tiet_gio_hang ctgh1_0 
    where
        ctgh1_0.gio_hang_id=?
Hibernate: 
    select
        sp1_0.id,
        sp1_0.anh_url,
        dm1_0.id,
        dm1_0.mo_ta,
        dm1_0.ten_danh_muc,
        sp1_0.gia,
        sp1_0.mo_ta,
        sp1_0.ngay_tao,
        sp1_0.so_luong,
        sp1_0.ten_san_pham,
        th1_0.id,
        th1_0.mo_ta,
        th1_0.ten_thuong_hieu 
    from
        san_pham sp1_0 
    left join
        danh_muc dm1_0 
            on dm1_0.id=sp1_0.danh_muc_id 
    left join
        thuong_hieu th1_0 
            on th1_0.id=sp1_0.thuong_hieu_id 
    where
        sp1_0.id=?
Hibernate: 
    select
        gh1_0.id,
        gh1_0.khach_hang_id,
        gh1_0.ngay_tao 
    from
        gio_hang gh1_0 
    where
        gh1_0.khach_hang_id=?
Hibernate: 
    select
        ctgh1_0.id,
        ctgh1_0.gio_hang_id,
        ctgh1_0.san_pham_id,
        ctgh1_0.so_luong 
    from
        chi_tiet_gio_hang ctgh1_0 
    where
        ctgh1_0.gio_hang_id=?
Hibernate: 
    select
        sp1_0.id,
        sp1_0.anh_url,
        dm1_0.id,
        dm1_0.mo_ta,
        dm1_0.ten_danh_muc,
        sp1_0.gia,
        sp1_0.mo_ta,
        sp1_0.ngay_tao,
        sp1_0.so_luong,
        sp1_0.ten_san_pham,
        th1_0.id,
        th1_0.mo_ta,
        th1_0.ten_thuong_hieu 
    from
        san_pham sp1_0 
    left join
        danh_muc dm1_0 
            on dm1_0.id=sp1_0.danh_muc_id 
    left join
        thuong_hieu th1_0 
            on th1_0.id=sp1_0.thuong_hieu_id 
    where
        sp1_0.id=?
Hibernate: 
    select
        kh1_0.id,
        kh1_0.dia_chi,
        kh1_0.email,
        kh1_0.ho_ten,
        kh1_0.so_dien_thoai,
        kh1_0.tai_khoan_id 
    from
        khach_hang kh1_0 
    where
        kh1_0.id=?
Hibernate: 
    insert 
    into
        don_hang
        (dia_chi_nhan, ghi_chu, ho_ten_nhan, khach_hang_id, ngay_dat, so_dien_thoai_nhan, tong_tien, trang_thai) 
    values
        (?, ?, ?, ?, ?, ?, ?, ?)
Hibernate: 
    insert 
    into
        chi_tiet_don_hang
        (don_hang_id, gia_ban, san_pham_id, so_luong) 
    values
        (?, ?, ?, ?)
Hibernate: 
    select
        gh1_0.id,
        gh1_0.khach_hang_id,
        gh1_0.ngay_tao 
    from
        gio_hang gh1_0 
    where
        gh1_0.khach_hang_id=?
Hibernate: 
    select
        ctgh1_0.id,
        ctgh1_0.gio_hang_id,
        ctgh1_0.san_pham_id,
        ctgh1_0.so_luong 
    from
        chi_tiet_gio_hang ctgh1_0 
    where
        ctgh1_0.gio_hang_id=?
Hibernate: 
    update
        san_pham 
    set
        anh_url=?,
        danh_muc_id=?,
        gia=?,
        mo_ta=?,
        ngay_tao=?,
        so_luong=?,
        ten_san_pham=?,
        thuong_hieu_id=? 
    where
        id=?
Hibernate: 
    delete 
    from
        chi_tiet_gio_hang 
    where
        id=?
Hibernate: 
    select
        dh1_0.id,
        dh1_0.dia_chi_nhan,
        dh1_0.ghi_chu,
        dh1_0.ho_ten_nhan,
        dh1_0.khach_hang_id,
        dh1_0.ngay_dat,
        dh1_0.so_dien_thoai_nhan,
        dh1_0.tong_tien,
        dh1_0.trang_thai 
    from
        don_hang dh1_0 
    where
        dh1_0.khach_hang_id=? 
    order by
        dh1_0.ngay_dat desc
Hibernate: 
    select
        kh1_0.id,
        kh1_0.dia_chi,
        kh1_0.email,
        kh1_0.ho_ten,
        kh1_0.so_dien_thoai,
        kh1_0.tai_khoan_id 
    from
        khach_hang kh1_0 
    where
        kh1_0.id=?
Hibernate: 
    select
        dh1_0.id,
        dh1_0.dia_chi_nhan,
        dh1_0.ghi_chu,
        dh1_0.ho_ten_nhan,
        kh1_0.id,
        kh1_0.dia_chi,
        kh1_0.email,
        kh1_0.ho_ten,
        kh1_0.so_dien_thoai,
        kh1_0.tai_khoan_id,
        dh1_0.ngay_dat,
        dh1_0.so_dien_thoai_nhan,
        dh1_0.tong_tien,
        dh1_0.trang_thai 
    from
        don_hang dh1_0 
    left join
        khach_hang kh1_0 
            on kh1_0.id=dh1_0.khach_hang_id 
    where
        dh1_0.id=?
Hibernate: 
    select
        ctdh1_0.id,
        ctdh1_0.don_hang_id,
        ctdh1_0.gia_ban,
        ctdh1_0.san_pham_id,
        ctdh1_0.so_luong 
    from
        chi_tiet_don_hang ctdh1_0 
    where
        ctdh1_0.don_hang_id=?
Hibernate: 
    select
        sp1_0.id,
        sp1_0.anh_url,
        dm1_0.id,
        dm1_0.mo_ta,
        dm1_0.ten_danh_muc,
        sp1_0.gia,
        sp1_0.mo_ta,
        sp1_0.ngay_tao,
        sp1_0.so_luong,
        sp1_0.ten_san_pham,
        th1_0.id,
        th1_0.mo_ta,
        th1_0.ten_thuong_hieu 
    from
        san_pham sp1_0 
    left join
        danh_muc dm1_0 
            on dm1_0.id=sp1_0.danh_muc_id 
    left join
        thuong_hieu th1_0 
            on th1_0.id=sp1_0.thuong_hieu_id 
    where
        sp1_0.id=?
Hibernate: 
    select
        kh1_0.id,
        kh1_0.dia_chi,
        kh1_0.email,
        kh1_0.ho_ten,
        kh1_0.so_dien_thoai,
        kh1_0.tai_khoan_id 
    from
        khach_hang kh1_0 
    where
        kh1_0.tai_khoan_id=?
Hibernate: 
    select
        tk1_0.id,
        tk1_0.mat_khau,
        tk1_0.ten_dang_nhap,
        tk1_0.trang_thai,
        tk1_0.vai_tro 
    from
        tai_khoan tk1_0 
    where
        tk1_0.id=?
2026-06-21T03:02:01.962+07:00 ERROR 32384 --- [app] [nio-8085-exec-7] org.thymeleaf.TemplateEngine             : [THYMELEAF][http-nio-8085-exec-7] Exception processing template "profile": Exception evaluating SpringEL expression: "!customer.taiKhoan.trangThai" (template: "profile" - line 37, col 31)

org.thymeleaf.exceptions.TemplateProcessingException: Exception evaluating SpringEL expression: "!customer.taiKhoan.trangThai" (template: "profile" - line 37, col 31)
	at org.thymeleaf.spring6.expression.SPELVariableExpressionEvaluator.evaluate(SPELVariableExpressionEvaluator.java:302) ~[thymeleaf-spring6-3.1.5.RELEASE.jar:3.1.5.RELEASE]
	at org.thymeleaf.standard.expression.VariableExpression.executeVariableExpression(VariableExpression.java:166) ~[thymeleaf-3.1.5.RELEASE.jar:3.1.5.RELEASE]
	at org.thymeleaf.standard.expression.SimpleExpression.executeSimple(SimpleExpression.java:66) ~[thymeleaf-3.1.5.RELEASE.jar:3.1.5.RELEASE]
	at org.thymeleaf.standard.expression.Expression.execute(Expression.java:109) ~[thymeleaf-3.1.5.RELEASE.jar:3.1.5.RELEASE]
	at org.thymeleaf.standard.expression.Expression.execute(Expression.java:138) ~[thymeleaf-3.1.5.RELEASE.jar:3.1.5.RELEASE]
	at org.thymeleaf.standard.expression.Expression.execute(Expression.java:125) ~[thymeleaf-3.1.5.RELEASE.jar:3.1.5.RELEASE]
	at org.thymeleaf.standard.processor.StandardIfTagProcessor.isVisible(StandardIfTagProcessor.java:59) ~[thymeleaf-3.1.5.RELEASE.jar:3.1.5.RELEASE]
	at org.thymeleaf.standard.processor.AbstractStandardConditionalVisibilityTagProcessor.doProcess(AbstractStandardConditionalVisibilityTagProcessor.java:61) ~[thymeleaf-3.1.5.RELEASE.jar:3.1.5.RELEASE]
	at org.thymeleaf.processor.element.AbstractAttributeTagProcessor.doProcess(AbstractAttributeTagProcessor.java:74) ~[thymeleaf-3.1.5.RELEASE.jar:3.1.5.RELEASE]
	at org.thymeleaf.processor.element.AbstractElementTagProcessor.process(AbstractElementTagProcessor.java:95) ~[thymeleaf-3.1.5.RELEASE.jar:3.1.5.RELEASE]
	at org.thymeleaf.util.ProcessorConfigurationUtils$ElementTagProcessorWrapper.process(ProcessorConfigurationUtils.java:633) ~[thymeleaf-3.1.5.RELEASE.jar:3.1.5.RELEASE]
	at org.thymeleaf.engine.ProcessorTemplateHandler.handleOpenElement(ProcessorTemplateHandler.java:1314) ~[thymeleaf-3.1.5.RELEASE.jar:3.1.5.RELEASE]
	at org.thymeleaf.engine.OpenElementTag.beHandled(OpenElementTag.java:205) ~[thymeleaf-3.1.5.RELEASE.jar:3.1.5.RELEASE]
	at org.thymeleaf.engine.TemplateModel.process(TemplateModel.java:136) ~[thymeleaf-3.1.5.RELEASE.jar:3.1.5.RELEASE]
	at org.thymeleaf.engine.TemplateManager.parseAndProcess(TemplateManager.java:661) ~[thymeleaf-3.1.5.RELEASE.jar:3.1.5.RELEASE]
	at org.thymeleaf.TemplateEngine.process(TemplateEngine.java:1103) ~[thymeleaf-3.1.5.RELEASE.jar:3.1.5.RELEASE]
	at org.thymeleaf.TemplateEngine.process(TemplateEngine.java:1077) ~[thymeleaf-3.1.5.RELEASE.jar:3.1.5.RELEASE]
	at org.thymeleaf.spring6.view.ThymeleafView.renderFragment(ThymeleafView.java:374) ~[thymeleaf-spring6-3.1.5.RELEASE.jar:3.1.5.RELEASE]
	at org.thymeleaf.spring6.view.ThymeleafView.render(ThymeleafView.java:193) ~[thymeleaf-spring6-3.1.5.RELEASE.jar:3.1.5.RELEASE]
	at org.springframework.web.servlet.DispatcherServlet.render(DispatcherServlet.java:1305) ~[spring-webmvc-7.0.8.jar:7.0.8]
	at org.springframework.web.servlet.DispatcherServlet.processDispatchResult(DispatcherServlet.java:1042) ~[spring-webmvc-7.0.8.jar:7.0.8]
	at org.springframework.web.servlet.DispatcherServlet.doDispatch(DispatcherServlet.java:980) ~[spring-webmvc-7.0.8.jar:7.0.8]
	at org.springframework.web.servlet.DispatcherServlet.doService(DispatcherServlet.java:866) ~[spring-webmvc-7.0.8.jar:7.0.8]
	at org.springframework.web.servlet.FrameworkServlet.processRequest(FrameworkServlet.java:1000) ~[spring-webmvc-7.0.8.jar:7.0.8]
	at org.springframework.web.servlet.FrameworkServlet.doGet(FrameworkServlet.java:892) ~[spring-webmvc-7.0.8.jar:7.0.8]
	at jakarta.servlet.http.HttpServlet.service(HttpServlet.java:622) ~[tomcat-embed-core-11.0.22.jar:6.1]
	at org.springframework.web.servlet.FrameworkServlet.service(FrameworkServlet.java:874) ~[spring-webmvc-7.0.8.jar:7.0.8]
	at jakarta.servlet.http.HttpServlet.service(HttpServlet.java:710) ~[tomcat-embed-core-11.0.22.jar:6.1]
	at org.apache.catalina.core.ApplicationFilterChain.doFilter(ApplicationFilterChain.java:128) ~[tomcat-embed-core-11.0.22.jar:11.0.22]
	at org.apache.tomcat.websocket.server.WsFilter.doFilter(WsFilter.java:53) ~[tomcat-embed-websocket-11.0.22.jar:11.0.22]
	at org.apache.catalina.core.ApplicationFilterChain.doFilter(ApplicationFilterChain.java:107) ~[tomcat-embed-core-11.0.22.jar:11.0.22]
	at org.springframework.web.filter.RequestContextFilter.doFilterInternal(RequestContextFilter.java:100) ~[spring-web-7.0.8.jar:7.0.8]
	at org.springframework.web.filter.OncePerRequestFilter.doFilter(OncePerRequestFilter.java:116) ~[spring-web-7.0.8.jar:7.0.8]
	at org.apache.catalina.core.ApplicationFilterChain.doFilter(ApplicationFilterChain.java:107) ~[tomcat-embed-core-11.0.22.jar:11.0.22]
	at org.springframework.web.filter.FormContentFilter.doFilterInternal(FormContentFilter.java:93) ~[spring-web-7.0.8.jar:7.0.8]
	at org.springframework.web.filter.OncePerRequestFilter.doFilter(OncePerRequestFilter.java:116) ~[spring-web-7.0.8.jar:7.0.8]
	at org.apache.catalina.core.ApplicationFilterChain.doFilter(ApplicationFilterChain.java:107) ~[tomcat-embed-core-11.0.22.jar:11.0.22]
	at org.springframework.web.filter.CharacterEncodingFilter.doFilterInternal(CharacterEncodingFilter.java:199) ~[spring-web-7.0.8.jar:7.0.8]
	at org.springframework.web.filter.OncePerRequestFilter.doFilter(OncePerRequestFilter.java:116) ~[spring-web-7.0.8.jar:7.0.8]
	at org.apache.catalina.core.ApplicationFilterChain.doFilter(ApplicationFilterChain.java:107) ~[tomcat-embed-core-11.0.22.jar:11.0.22]
	at org.apache.catalina.core.StandardWrapperValve.invoke(StandardWrapperValve.java:165) ~[tomcat-embed-core-11.0.22.jar:11.0.22]
	at org.apache.catalina.core.StandardContextValve.invoke(StandardContextValve.java:77) ~[tomcat-embed-core-11.0.22.jar:11.0.22]
	at org.apache.catalina.authenticator.AuthenticatorBase.invoke(AuthenticatorBase.java:492) ~[tomcat-embed-core-11.0.22.jar:11.0.22]
	at org.apache.catalina.core.StandardHostValve.invoke(StandardHostValve.java:113) ~[tomcat-embed-core-11.0.22.jar:11.0.22]
	at org.apache.catalina.valves.ErrorReportValve.invoke(ErrorReportValve.java:83) ~[tomcat-embed-core-11.0.22.jar:11.0.22]
	at org.apache.catalina.core.StandardEngineValve.invoke(StandardEngineValve.java:72) ~[tomcat-embed-core-11.0.22.jar:11.0.22]
	at org.apache.catalina.connector.CoyoteAdapter.service(CoyoteAdapter.java:341) ~[tomcat-embed-core-11.0.22.jar:11.0.22]
	at org.apache.coyote.http11.Http11Processor.service(Http11Processor.java:397) ~[tomcat-embed-core-11.0.22.jar:11.0.22]
	at org.apache.coyote.AbstractProcessorLight.process(AbstractProcessorLight.java:63) ~[tomcat-embed-core-11.0.22.jar:11.0.22]
	at org.apache.coyote.AbstractProtocol$ConnectionHandler.process(AbstractProtocol.java:1272) ~[tomcat-embed-core-11.0.22.jar:11.0.22]
	at org.apache.tomcat.util.net.NioEndpoint$SocketProcessor.doRun(NioEndpoint.java:1801) ~[tomcat-embed-core-11.0.22.jar:11.0.22]
	at org.apache.tomcat.util.net.SocketProcessorBase.run(SocketProcessorBase.java:52) ~[tomcat-embed-core-11.0.22.jar:11.0.22]
	at org.apache.tomcat.util.threads.ThreadPoolExecutor.runWorker(ThreadPoolExecutor.java:946) ~[tomcat-embed-core-11.0.22.jar:11.0.22]
	at org.apache.tomcat.util.threads.ThreadPoolExecutor$Worker.run(ThreadPoolExecutor.java:480) ~[tomcat-embed-core-11.0.22.jar:11.0.22]
	at org.apache.tomcat.util.threads.TaskThread$WrappingRunnable.run(TaskThread.java:57) ~[tomcat-embed-core-11.0.22.jar:11.0.22]
	at java.base/java.lang.Thread.run(Thread.java:1583) ~[na:na]
Caused by: org.springframework.expression.spel.SpelEvaluationException: EL1001E: Type conversion problem, cannot convert from @jakarta.persistence.Column java.lang.String to java.lang.Boolean
	at org.springframework.expression.spel.support.StandardTypeConverter.convertValue(StandardTypeConverter.java:87) ~[spring-expression-7.0.8.jar:7.0.8]
	at org.springframework.expression.common.ExpressionUtils.convertTypedValue(ExpressionUtils.java:57) ~[spring-expression-7.0.8.jar:7.0.8]
	at org.springframework.expression.spel.ast.SpelNodeImpl.getValue(SpelNodeImpl.java:198) ~[spring-expression-7.0.8.jar:7.0.8]
	at org.springframework.expression.spel.ast.OperatorNot.getValueInternal(OperatorNot.java:47) ~[spring-expression-7.0.8.jar:7.0.8]
	at org.springframework.expression.spel.ast.OperatorNot.getValueInternal(OperatorNot.java:36) ~[spring-expression-7.0.8.jar:7.0.8]
	at org.springframework.expression.spel.ast.SpelNodeImpl.getValue(SpelNodeImpl.java:114) ~[spring-expression-7.0.8.jar:7.0.8]
	at org.springframework.expression.spel.standard.SpelExpression.getValue(SpelExpression.java:330) ~[spring-expression-7.0.8.jar:7.0.8]
	at org.thymeleaf.spring6.expression.SPELVariableExpressionEvaluator.evaluate(SPELVariableExpressionEvaluator.java:275) ~[thymeleaf-spring6-3.1.5.RELEASE.jar:3.1.5.RELEASE]
	... 55 common frames omitted
Caused by: org.springframework.core.convert.ConversionFailedException: Failed to convert from type [@jakarta.persistence.Column java.lang.String] to type [java.lang.Boolean] for value [ACTIVE]
	at org.springframework.core.convert.support.ConversionUtils.invokeConverter(ConversionUtils.java:47) ~[spring-core-7.0.8.jar:7.0.8]
	at org.springframework.core.convert.support.GenericConversionService.convert(GenericConversionService.java:181) ~[spring-core-7.0.8.jar:7.0.8]
	at org.springframework.expression.spel.support.StandardTypeConverter.convertValue(StandardTypeConverter.java:82) ~[spring-expression-7.0.8.jar:7.0.8]
	... 62 common frames omitted
Caused by: java.lang.IllegalArgumentException: Invalid boolean value 'ACTIVE'
	at org.springframework.core.convert.support.StringToBooleanConverter.convert(StringToBooleanConverter.java:55) ~[spring-core-7.0.8.jar:7.0.8]
	at org.springframework.core.convert.support.StringToBooleanConverter.convert(StringToBooleanConverter.java:34) ~[spring-core-7.0.8.jar:7.0.8]
	at org.springframework.core.convert.support.GenericConversionService$ConverterAdapter.convert(GenericConversionService.java:357) ~[spring-core-7.0.8.jar:7.0.8]
	at org.springframework.core.convert.support.ConversionUtils.invokeConverter(ConversionUtils.java:41) ~[spring-core-7.0.8.jar:7.0.8]
	... 64 common frames omitted

2026-06-21T03:02:01.966+07:00 ERROR 32384 --- [app] [nio-8085-exec-7] o.a.c.c.C.[.[.[/].[dispatcherServlet]    : Servlet.service() for servlet [dispatcherServlet] in context with path [] threw exception [Request processing failed: org.thymeleaf.exceptions.TemplateProcessingException: Exception evaluating SpringEL expression: "!customer.taiKhoan.trangThai" (template: "profile" - line 37, col 31)] with root cause

java.lang.IllegalArgumentException: Invalid boolean value 'ACTIVE'
	at org.springframework.core.convert.support.StringToBooleanConverter.convert(StringToBooleanConverter.java:55) ~[spring-core-7.0.8.jar:7.0.8]
	at org.springframework.core.convert.support.StringToBooleanConverter.convert(StringToBooleanConverter.java:34) ~[spring-core-7.0.8.jar:7.0.8]
	at org.springframework.core.convert.support.GenericConversionService$ConverterAdapter.convert(GenericConversionService.java:357) ~[spring-core-7.0.8.jar:7.0.8]
	at org.springframework.core.convert.support.ConversionUtils.invokeConverter(ConversionUtils.java:41) ~[spring-core-7.0.8.jar:7.0.8]
	at org.springframework.core.convert.support.GenericConversionService.convert(GenericConversionService.java:181) ~[spring-core-7.0.8.jar:7.0.8]
	at org.springframework.expression.spel.support.StandardTypeConverter.convertValue(StandardTypeConverter.java:82) ~[spring-expression-7.0.8.jar:7.0.8]
	at org.springframework.expression.common.ExpressionUtils.convertTypedValue(ExpressionUtils.java:57) ~[spring-expression-7.0.8.jar:7.0.8]
	at org.springframework.expression.spel.ast.SpelNodeImpl.getValue(SpelNodeImpl.java:198) ~[spring-expression-7.0.8.jar:7.0.8]
	at org.springframework.expression.spel.ast.OperatorNot.getValueInternal(OperatorNot.java:47) ~[spring-expression-7.0.8.jar:7.0.8]
	at org.springframework.expression.spel.ast.OperatorNot.getValueInternal(OperatorNot.java:36) ~[spring-expression-7.0.8.jar:7.0.8]
	at org.springframework.expression.spel.ast.SpelNodeImpl.getValue(SpelNodeImpl.java:114) ~[spring-expression-7.0.8.jar:7.0.8]
	at org.springframework.expression.spel.standard.SpelExpression.getValue(SpelExpression.java:330) ~[spring-expression-7.0.8.jar:7.0.8]
	at org.thymeleaf.spring6.expression.SPELVariableExpressionEvaluator.evaluate(SPELVariableExpressionEvaluator.java:275) ~[thymeleaf-spring6-3.1.5.RELEASE.jar:3.1.5.RELEASE]
	at org.thymeleaf.standard.expression.VariableExpression.executeVariableExpression(VariableExpression.java:166) ~[thymeleaf-3.1.5.RELEASE.jar:3.1.5.RELEASE]
	at org.thymeleaf.standard.expression.SimpleExpression.executeSimple(SimpleExpression.java:66) ~[thymeleaf-3.1.5.RELEASE.jar:3.1.5.RELEASE]
	at org.thymeleaf.standard.expression.Expression.execute(Expression.java:109) ~[thymeleaf-3.1.5.RELEASE.jar:3.1.5.RELEASE]
	at org.thymeleaf.standard.expression.Expression.execute(Expression.java:138) ~[thymeleaf-3.1.5.RELEASE.jar:3.1.5.RELEASE]
	at org.thymeleaf.standard.expression.Expression.execute(Expression.java:125) ~[thymeleaf-3.1.5.RELEASE.jar:3.1.5.RELEASE]
	at org.thymeleaf.standard.processor.StandardIfTagProcessor.isVisible(StandardIfTagProcessor.java:59) ~[thymeleaf-3.1.5.RELEASE.jar:3.1.5.RELEASE]
	at org.thymeleaf.standard.processor.AbstractStandardConditionalVisibilityTagProcessor.doProcess(AbstractStandardConditionalVisibilityTagProcessor.java:61) ~[thymeleaf-3.1.5.RELEASE.jar:3.1.5.RELEASE]
	at org.thymeleaf.processor.element.AbstractAttributeTagProcessor.doProcess(AbstractAttributeTagProcessor.java:74) ~[thymeleaf-3.1.5.RELEASE.jar:3.1.5.RELEASE]
	at org.thymeleaf.processor.element.AbstractElementTagProcessor.process(AbstractElementTagProcessor.java:95) ~[thymeleaf-3.1.5.RELEASE.jar:3.1.5.RELEASE]
	at org.thymeleaf.util.ProcessorConfigurationUtils$ElementTagProcessorWrapper.process(ProcessorConfigurationUtils.java:633) ~[thymeleaf-3.1.5.RELEASE.jar:3.1.5.RELEASE]
	at org.thymeleaf.engine.ProcessorTemplateHandler.handleOpenElement(ProcessorTemplateHandler.java:1314) ~[thymeleaf-3.1.5.RELEASE.jar:3.1.5.RELEASE]
	at org.thymeleaf.engine.OpenElementTag.beHandled(OpenElementTag.java:205) ~[thymeleaf-3.1.5.RELEASE.jar:3.1.5.RELEASE]
	at org.thymeleaf.engine.TemplateModel.process(TemplateModel.java:136) ~[thymeleaf-3.1.5.RELEASE.jar:3.1.5.RELEASE]
	at org.thymeleaf.engine.TemplateManager.parseAndProcess(TemplateManager.java:661) ~[thymeleaf-3.1.5.RELEASE.jar:3.1.5.RELEASE]
	at org.thymeleaf.TemplateEngine.process(TemplateEngine.java:1103) ~[thymeleaf-3.1.5.RELEASE.jar:3.1.5.RELEASE]
	at org.thymeleaf.TemplateEngine.process(TemplateEngine.java:1077) ~[thymeleaf-3.1.5.RELEASE.jar:3.1.5.RELEASE]
	at org.thymeleaf.spring6.view.ThymeleafView.renderFragment(ThymeleafView.java:374) ~[thymeleaf-spring6-3.1.5.RELEASE.jar:3.1.5.RELEASE]
	at org.thymeleaf.spring6.view.ThymeleafView.render(ThymeleafView.java:193) ~[thymeleaf-spring6-3.1.5.RELEASE.jar:3.1.5.RELEASE]
	at org.springframework.web.servlet.DispatcherServlet.render(DispatcherServlet.java:1305) ~[spring-webmvc-7.0.8.jar:7.0.8]
	at org.springframework.web.servlet.DispatcherServlet.processDispatchResult(DispatcherServlet.java:1042) ~[spring-webmvc-7.0.8.jar:7.0.8]
	at org.springframework.web.servlet.DispatcherServlet.doDispatch(DispatcherServlet.java:980) ~[spring-webmvc-7.0.8.jar:7.0.8]
	at org.springframework.web.servlet.DispatcherServlet.doService(DispatcherServlet.java:866) ~[spring-webmvc-7.0.8.jar:7.0.8]
	at org.springframework.web.servlet.FrameworkServlet.processRequest(FrameworkServlet.java:1000) ~[spring-webmvc-7.0.8.jar:7.0.8]
	at org.springframework.web.servlet.FrameworkServlet.doGet(FrameworkServlet.java:892) ~[spring-webmvc-7.0.8.jar:7.0.8]
	at jakarta.servlet.http.HttpServlet.service(HttpServlet.java:622) ~[tomcat-embed-core-11.0.22.jar:6.1]
	at org.springframework.web.servlet.FrameworkServlet.service(FrameworkServlet.java:874) ~[spring-webmvc-7.0.8.jar:7.0.8]
	at jakarta.servlet.http.HttpServlet.service(HttpServlet.java:710) ~[tomcat-embed-core-11.0.22.jar:6.1]
	at org.apache.catalina.core.ApplicationFilterChain.doFilter(ApplicationFilterChain.java:128) ~[tomcat-embed-core-11.0.22.jar:11.0.22]
	at org.apache.tomcat.websocket.server.WsFilter.doFilter(WsFilter.java:53) ~[tomcat-embed-websocket-11.0.22.jar:11.0.22]
	at org.apache.catalina.core.ApplicationFilterChain.doFilter(ApplicationFilterChain.java:107) ~[tomcat-embed-core-11.0.22.jar:11.0.22]
	at org.springframework.web.filter.RequestContextFilter.doFilterInternal(RequestContextFilter.java:100) ~[spring-web-7.0.8.jar:7.0.8]
	at org.springframework.web.filter.OncePerRequestFilter.doFilter(OncePerRequestFilter.java:116) ~[spring-web-7.0.8.jar:7.0.8]
	at org.apache.catalina.core.ApplicationFilterChain.doFilter(ApplicationFilterChain.java:107) ~[tomcat-embed-core-11.0.22.jar:11.0.22]
	at org.springframework.web.filter.FormContentFilter.doFilterInternal(FormContentFilter.java:93) ~[spring-web-7.0.8.jar:7.0.8]
	at org.springframework.web.filter.OncePerRequestFilter.doFilter(OncePerRequestFilter.java:116) ~[spring-web-7.0.8.jar:7.0.8]
	at org.apache.catalina.core.ApplicationFilterChain.doFilter(ApplicationFilterChain.java:107) ~[tomcat-embed-core-11.0.22.jar:11.0.22]
	at org.springframework.web.filter.CharacterEncodingFilter.doFilterInternal(CharacterEncodingFilter.java:199) ~[spring-web-7.0.8.jar:7.0.8]
	at org.springframework.web.filter.OncePerRequestFilter.doFilter(OncePerRequestFilter.java:116) ~[spring-web-7.0.8.jar:7.0.8]
	at org.apache.catalina.core.ApplicationFilterChain.doFilter(ApplicationFilterChain.java:107) ~[tomcat-embed-core-11.0.22.jar:11.0.22]
	at org.apache.catalina.core.StandardWrapperValve.invoke(StandardWrapperValve.java:165) ~[tomcat-embed-core-11.0.22.jar:11.0.22]
	at org.apache.catalina.core.StandardContextValve.invoke(StandardContextValve.java:77) ~[tomcat-embed-core-11.0.22.jar:11.0.22]
	at org.apache.catalina.authenticator.AuthenticatorBase.invoke(AuthenticatorBase.java:492) ~[tomcat-embed-core-11.0.22.jar:11.0.22]
	at org.apache.catalina.core.StandardHostValve.invoke(StandardHostValve.java:113) ~[tomcat-embed-core-11.0.22.jar:11.0.22]
	at org.apache.catalina.valves.ErrorReportValve.invoke(ErrorReportValve.java:83) ~[tomcat-embed-core-11.0.22.jar:11.0.22]
	at org.apache.catalina.core.StandardEngineValve.invoke(StandardEngineValve.java:72) ~[tomcat-embed-core-11.0.22.jar:11.0.22]
	at org.apache.catalina.connector.CoyoteAdapter.service(CoyoteAdapter.java:341) ~[tomcat-embed-core-11.0.22.jar:11.0.22]
	at org.apache.coyote.http11.Http11Processor.service(Http11Processor.java:397) ~[tomcat-embed-core-11.0.22.jar:11.0.22]
	at org.apache.coyote.AbstractProcessorLight.process(AbstractProcessorLight.java:63) ~[tomcat-embed-core-11.0.22.jar:11.0.22]
	at org.apache.coyote.AbstractProtocol$ConnectionHandler.process(AbstractProtocol.java:1272) ~[tomcat-embed-core-11.0.22.jar:11.0.22]
	at org.apache.tomcat.util.net.NioEndpoint$SocketProcessor.doRun(NioEndpoint.java:1801) ~[tomcat-embed-core-11.0.22.jar:11.0.22]
	at org.apache.tomcat.util.net.SocketProcessorBase.run(SocketProcessorBase.java:52) ~[tomcat-embed-core-11.0.22.jar:11.0.22]
	at org.apache.tomcat.util.threads.ThreadPoolExecutor.runWorker(ThreadPoolExecutor.java:946) ~[tomcat-embed-core-11.0.22.jar:11.0.22]
	at org.apache.tomcat.util.threads.ThreadPoolExecutor$Worker.run(ThreadPoolExecutor.java:480) ~[tomcat-embed-core-11.0.22.jar:11.0.22]
	at org.apache.tomcat.util.threads.TaskThread$WrappingRunnable.run(TaskThread.java:57) ~[tomcat-embed-core-11.0.22.jar:11.0.22]
	at java.base/java.lang.Thread.run(Thread.java:1583) ~[na:na]

Hibernate: 
    select
        top (?) sp1_0.id,
        sp1_0.anh_url,
        sp1_0.danh_muc_id,
        sp1_0.gia,
        sp1_0.mo_ta,
        sp1_0.ngay_tao,
        sp1_0.so_luong,
        sp1_0.ten_san_pham,
        sp1_0.thuong_hieu_id 
    from
        san_pham sp1_0 
    where
        (
            ? is null 
            or sp1_0.ten_san_pham like ? 
            or sp1_0.mo_ta like ?
        ) 
        and (
            ? is null 
            or sp1_0.danh_muc_id=?
        ) 
        and (
            ? is null 
            or sp1_0.thuong_hieu_id=?
        ) 
        and (
            ? is null 
            or sp1_0.gia>=?
        ) 
        and (
            ? is null 
            or sp1_0.gia<=?
        ) 
    order by
        sp1_0.ngay_tao desc
Hibernate: 
    select
        dm1_0.id,
        dm1_0.mo_ta,
        dm1_0.ten_danh_muc 
    from
        danh_muc dm1_0 
    where
        dm1_0.id=?
Hibernate: 
    select
        th1_0.id,
        th1_0.mo_ta,
        th1_0.ten_thuong_hieu 
    from
        thuong_hieu th1_0 
    where
        th1_0.id=?
Hibernate: 
    select
        th1_0.id,
        th1_0.mo_ta,
        th1_0.ten_thuong_hieu 
    from
        thuong_hieu th1_0 
    where
        th1_0.id=?
Hibernate: 
    select
        th1_0.id,
        th1_0.mo_ta,
        th1_0.ten_thuong_hieu 
    from
        thuong_hieu th1_0 
    where
        th1_0.id=?
Hibernate: 
    select
        th1_0.id,
        th1_0.mo_ta,
        th1_0.ten_thuong_hieu 
    from
        thuong_hieu th1_0 
    where
        th1_0.id=?
Hibernate: 
    select
        count_big(sp1_0.id) 
    from
        san_pham sp1_0 
    where
        (
            ? is null 
            or sp1_0.ten_san_pham like ? 
            or sp1_0.mo_ta like ?
        ) 
        and (
            ? is null 
            or sp1_0.danh_muc_id=?
        ) 
        and (
            ? is null 
            or sp1_0.thuong_hieu_id=?
        ) 
        and (
            ? is null 
            or sp1_0.gia>=?
        ) 
        and (
            ? is null 
            or sp1_0.gia<=?
        )
Hibernate: 
    select
        dm1_0.id,
        dm1_0.mo_ta,
        dm1_0.ten_danh_muc 
    from
        danh_muc dm1_0
Hibernate: 
    select
        th1_0.id,
        th1_0.mo_ta,
        th1_0.ten_thuong_hieu 
    from
        thuong_hieu th1_0
Hibernate: 
    select
        tk1_0.id,
        tk1_0.mat_khau,
        tk1_0.ten_dang_nhap,
        tk1_0.trang_thai,
        tk1_0.vai_tro 
    from
        tai_khoan tk1_0 
    where
        tk1_0.ten_dang_nhap=?
Hibernate: 
    SELECT
        CONVERT(VARCHAR(10), ngay_dat, 120) AS date,
        SUM(tong_tien) AS revenue,
        COUNT(id) AS orders 
    FROM
        DonHang 
    WHERE
        trang_thai = N'DELIVERED' 
    GROUP BY
        CONVERT(VARCHAR(10), ngay_dat, 120) 
    ORDER BY
        date DESC
2026-06-21T03:02:43.427+07:00  WARN 32384 --- [app] [nio-8085-exec-5] org.hibernate.orm.jdbc.error             : HHH000247: ErrorCode: 208, SQLState: S0002
2026-06-21T03:02:43.429+07:00  WARN 32384 --- [app] [nio-8085-exec-5] org.hibernate.orm.jdbc.error             : Invalid object name 'DonHang'.
2026-06-21T03:02:43.431+07:00 ERROR 32384 --- [app] [nio-8085-exec-5] o.a.c.c.C.[.[.[/].[dispatcherServlet]    : Servlet.service() for servlet [dispatcherServlet] in context with path [] threw exception [Request processing failed: org.springframework.dao.InvalidDataAccessResourceUsageException: JDBC exception executing SQL [Invalid object name 'DonHang'.] [SELECT CONVERT(VARCHAR(10), ngay_dat, 120) AS date, SUM(tong_tien) AS revenue, COUNT(id) AS orders FROM DonHang WHERE trang_thai = N'DELIVERED' GROUP BY CONVERT(VARCHAR(10), ngay_dat, 120) ORDER BY date DESC]; SQL [SELECT CONVERT(VARCHAR(10), ngay_dat, 120) AS date, SUM(tong_tien) AS revenue, COUNT(id) AS orders FROM DonHang WHERE trang_thai = N'DELIVERED' GROUP BY CONVERT(VARCHAR(10), ngay_dat, 120) ORDER BY date DESC]] with root cause

com.microsoft.sqlserver.jdbc.SQLServerException: Invalid object name 'DonHang'.
	at com.microsoft.sqlserver.jdbc.SQLServerException.makeFromDatabaseError(SQLServerException.java:356) ~[mssql-jdbc-13.4.0.jre11.jar:na]
	at com.microsoft.sqlserver.jdbc.SQLServerStatement.getNextResult(SQLServerStatement.java:1927) ~[mssql-jdbc-13.4.0.jre11.jar:na]
	at com.microsoft.sqlserver.jdbc.SQLServerPreparedStatement.doExecutePreparedStatement(SQLServerPreparedStatement.java:764) ~[mssql-jdbc-13.4.0.jre11.jar:na]
	at com.microsoft.sqlserver.jdbc.SQLServerPreparedStatement$PrepStmtExecCmd.doExecute(SQLServerPreparedStatement.java:663) ~[mssql-jdbc-13.4.0.jre11.jar:na]
	at com.microsoft.sqlserver.jdbc.TDSCommand.execute(IOBuffer.java:7832) ~[mssql-jdbc-13.4.0.jre11.jar:na]
	at com.microsoft.sqlserver.jdbc.SQLServerConnection.executeCommand(SQLServerConnection.java:5024) ~[mssql-jdbc-13.4.0.jre11.jar:na]
	at com.microsoft.sqlserver.jdbc.SQLServerStatement.executeCommand(SQLServerStatement.java:364) ~[mssql-jdbc-13.4.0.jre11.jar:na]
	at com.microsoft.sqlserver.jdbc.SQLServerStatement.executeStatement(SQLServerStatement.java:282) ~[mssql-jdbc-13.4.0.jre11.jar:na]
	at com.microsoft.sqlserver.jdbc.SQLServerPreparedStatement.executeQuery(SQLServerPreparedStatement.java:577) ~[mssql-jdbc-13.4.0.jre11.jar:na]
	at com.zaxxer.hikari.pool.ProxyPreparedStatement.executeQuery(ProxyPreparedStatement.java:52) ~[HikariCP-7.0.2.jar:na]
	at com.zaxxer.hikari.pool.HikariProxyPreparedStatement.executeQuery(HikariProxyPreparedStatement.java) ~[HikariCP-7.0.2.jar:na]
	at org.hibernate.sql.results.jdbc.internal.DeferredResultSetAccess.executeQuery(DeferredResultSetAccess.java:269) ~[hibernate-core-7.4.1.Final.jar:7.4.1.Final]
	at org.hibernate.sql.results.jdbc.internal.DeferredResultSetAccess.getResultSet(DeferredResultSetAccess.java:188) ~[hibernate-core-7.4.1.Final.jar:7.4.1.Final]
	at org.hibernate.sql.results.jdbc.internal.AbstractResultSetAccess.getResultSetMetaData(AbstractResultSetAccess.java:52) ~[hibernate-core-7.4.1.Final.jar:7.4.1.Final]
	at org.hibernate.sql.results.jdbc.internal.AbstractResultSetAccess.getColumnCount(AbstractResultSetAccess.java:66) ~[hibernate-core-7.4.1.Final.jar:7.4.1.Final]
	at org.hibernate.query.results.internal.ResultSetMappingImpl.resolve(ResultSetMappingImpl.java:183) ~[hibernate-core-7.4.1.Final.jar:7.4.1.Final]
	at org.hibernate.sql.exec.internal.JdbcSelectExecutorStandardImpl.resolveJdbcValues(JdbcSelectExecutorStandardImpl.java:409) ~[hibernate-core-7.4.1.Final.jar:7.4.1.Final]
	at org.hibernate.sql.exec.internal.JdbcSelectExecutorStandardImpl.resolveJdbcValuesSource(JdbcSelectExecutorStandardImpl.java:349) ~[hibernate-core-7.4.1.Final.jar:7.4.1.Final]
	at org.hibernate.sql.exec.internal.JdbcSelectExecutorStandardImpl.doExecuteQuery(JdbcSelectExecutorStandardImpl.java:143) ~[hibernate-core-7.4.1.Final.jar:7.4.1.Final]
	at org.hibernate.sql.exec.internal.JdbcSelectExecutorStandardImpl.executeQuery(JdbcSelectExecutorStandardImpl.java:100) ~[hibernate-core-7.4.1.Final.jar:7.4.1.Final]
	at org.hibernate.sql.exec.spi.JdbcSelectExecutor.executeQuery(JdbcSelectExecutor.java:63) ~[hibernate-core-7.4.1.Final.jar:7.4.1.Final]
	at org.hibernate.sql.exec.spi.JdbcSelectExecutor.list(JdbcSelectExecutor.java:137) ~[hibernate-core-7.4.1.Final.jar:7.4.1.Final]
	at org.hibernate.sql.exec.spi.JdbcSelectExecutor.list(JdbcSelectExecutor.java:114) ~[hibernate-core-7.4.1.Final.jar:7.4.1.Final]
	at org.hibernate.sql.exec.spi.JdbcSelectExecutor.list(JdbcSelectExecutor.java:104) ~[hibernate-core-7.4.1.Final.jar:7.4.1.Final]
	at org.hibernate.query.sql.internal.NativeSelectQueryPlanImpl.performList(NativeSelectQueryPlanImpl.java:138) ~[hibernate-core-7.4.1.Final.jar:7.4.1.Final]
	at org.hibernate.query.sql.internal.NativeQueryImpl.doList(NativeQueryImpl.java:756) ~[hibernate-core-7.4.1.Final.jar:7.4.1.Final]
	at org.hibernate.query.spi.AbstractSelectionQuery.list(AbstractSelectionQuery.java:153) ~[hibernate-core-7.4.1.Final.jar:7.4.1.Final]
	at org.hibernate.query.Query.getResultList(Query.java:121) ~[hibernate-core-7.4.1.Final.jar:7.4.1.Final]
	at org.springframework.data.jpa.repository.query.JpaQueryExecution$CollectionExecution.doExecute(JpaQueryExecution.java:141) ~[spring-data-jpa-4.1.0.jar:4.1.0]
	at org.springframework.data.jpa.repository.query.JpaQueryExecution.execute(JpaQueryExecution.java:100) ~[spring-data-jpa-4.1.0.jar:4.1.0]
	at org.springframework.data.jpa.repository.query.AbstractJpaQuery.doExecute(AbstractJpaQuery.java:166) ~[spring-data-jpa-4.1.0.jar:4.1.0]
	at org.springframework.data.jpa.repository.query.AbstractJpaQuery.execute(AbstractJpaQuery.java:156) ~[spring-data-jpa-4.1.0.jar:4.1.0]
	at org.springframework.data.repository.core.support.RepositoryMethodInvoker.doInvoke(RepositoryMethodInvoker.java:169) ~[spring-data-commons-4.1.0.jar:4.1.0]
	at org.springframework.data.repository.core.support.RepositoryMethodInvoker.invoke(RepositoryMethodInvoker.java:158) ~[spring-data-commons-4.1.0.jar:4.1.0]
	at org.springframework.data.repository.core.support.QueryExecutorMethodInterceptor.doInvoke(QueryExecutorMethodInterceptor.java:167) ~[spring-data-commons-4.1.0.jar:4.1.0]
	at org.springframework.data.repository.core.support.QueryExecutorMethodInterceptor.invoke(QueryExecutorMethodInterceptor.java:146) ~[spring-data-commons-4.1.0.jar:4.1.0]
	at org.springframework.aop.framework.ReflectiveMethodInvocation.proceed(ReflectiveMethodInvocation.java:179) ~[spring-aop-7.0.8.jar:7.0.8]
	at org.springframework.data.projection.DefaultMethodInvokingMethodInterceptor.invoke(DefaultMethodInvokingMethodInterceptor.java:69) ~[spring-data-commons-4.1.0.jar:4.1.0]
	at org.springframework.aop.framework.ReflectiveMethodInvocation.proceed(ReflectiveMethodInvocation.java:179) ~[spring-aop-7.0.8.jar:7.0.8]
	at org.springframework.transaction.interceptor.TransactionInterceptor$1.proceedWithInvocation(TransactionInterceptor.java:133) ~[spring-tx-7.0.8.jar:7.0.8]
	at org.springframework.transaction.interceptor.TransactionAspectSupport.invokeWithinTransaction(TransactionAspectSupport.java:371) ~[spring-tx-7.0.8.jar:7.0.8]
	at org.springframework.transaction.interceptor.TransactionInterceptor.invoke(TransactionInterceptor.java:130) ~[spring-tx-7.0.8.jar:7.0.8]
	at org.springframework.aop.framework.ReflectiveMethodInvocation.proceed(ReflectiveMethodInvocation.java:179) ~[spring-aop-7.0.8.jar:7.0.8]
	at org.springframework.dao.support.PersistenceExceptionTranslationInterceptor.invoke(PersistenceExceptionTranslationInterceptor.java:135) ~[spring-tx-7.0.8.jar:7.0.8]
	at org.springframework.aop.framework.ReflectiveMethodInvocation.proceed(ReflectiveMethodInvocation.java:179) ~[spring-aop-7.0.8.jar:7.0.8]
	at org.springframework.data.jpa.repository.support.CrudMethodMetadataPostProcessor$CrudMethodMetadataPopulatingMethodInterceptor.invoke(CrudMethodMetadataPostProcessor.java:137) ~[spring-data-jpa-4.1.0.jar:4.1.0]
	at org.springframework.aop.framework.ReflectiveMethodInvocation.proceed(ReflectiveMethodInvocation.java:179) ~[spring-aop-7.0.8.jar:7.0.8]
	at org.springframework.aop.framework.JdkDynamicAopProxy.invoke(JdkDynamicAopProxy.java:222) ~[spring-aop-7.0.8.jar:7.0.8]
	at jdk.proxy2/jdk.proxy2.$Proxy131.thongKeDoanhThuTheoNgay(Unknown Source) ~[na:na]
	at com.web.app.service.ThongKeService.getDoanhThuTheoNgay(ThongKeService.java:31) ~[classes/:na]
	at com.web.app.controller.AdminController.dashboard(AdminController.java:46) ~[classes/:na]
	at java.base/jdk.internal.reflect.DirectMethodHandleAccessor.invoke(DirectMethodHandleAccessor.java:103) ~[na:na]
	at java.base/java.lang.reflect.Method.invoke(Method.java:580) ~[na:na]
	at org.springframework.web.method.support.InvocableHandlerMethod.doInvoke(InvocableHandlerMethod.java:252) ~[spring-web-7.0.8.jar:7.0.8]
	at org.springframework.web.method.support.InvocableHandlerMethod.invokeForRequest(InvocableHandlerMethod.java:184) ~[spring-web-7.0.8.jar:7.0.8]
	at org.springframework.web.servlet.mvc.method.annotation.ServletInvocableHandlerMethod.invokeAndHandle(ServletInvocableHandlerMethod.java:117) ~[spring-webmvc-7.0.8.jar:7.0.8]
	at org.springframework.web.servlet.mvc.method.annotation.RequestMappingHandlerAdapter.invokeHandlerMethod(RequestMappingHandlerAdapter.java:934) ~[spring-webmvc-7.0.8.jar:7.0.8]
	at org.springframework.web.servlet.mvc.method.annotation.RequestMappingHandlerAdapter.handleInternal(RequestMappingHandlerAdapter.java:853) ~[spring-webmvc-7.0.8.jar:7.0.8]
	at org.springframework.web.servlet.mvc.method.AbstractHandlerMethodAdapter.handle(AbstractHandlerMethodAdapter.java:86) ~[spring-webmvc-7.0.8.jar:7.0.8]
	at org.springframework.web.servlet.DispatcherServlet.doDispatch(DispatcherServlet.java:963) ~[spring-webmvc-7.0.8.jar:7.0.8]
	at org.springframework.web.servlet.DispatcherServlet.doService(DispatcherServlet.java:866) ~[spring-webmvc-7.0.8.jar:7.0.8]
	at org.springframework.web.servlet.FrameworkServlet.processRequest(FrameworkServlet.java:1000) ~[spring-webmvc-7.0.8.jar:7.0.8]
	at org.springframework.web.servlet.FrameworkServlet.doGet(FrameworkServlet.java:892) ~[spring-webmvc-7.0.8.jar:7.0.8]
	at jakarta.servlet.http.HttpServlet.service(HttpServlet.java:622) ~[tomcat-embed-core-11.0.22.jar:6.1]
	at org.springframework.web.servlet.FrameworkServlet.service(FrameworkServlet.java:874) ~[spring-webmvc-7.0.8.jar:7.0.8]
	at jakarta.servlet.http.HttpServlet.service(HttpServlet.java:710) ~[tomcat-embed-core-11.0.22.jar:6.1]
	at org.apache.catalina.core.ApplicationFilterChain.doFilter(ApplicationFilterChain.java:128) ~[tomcat-embed-core-11.0.22.jar:11.0.22]
	at org.apache.tomcat.websocket.server.WsFilter.doFilter(WsFilter.java:53) ~[tomcat-embed-websocket-11.0.22.jar:11.0.22]
	at org.apache.catalina.core.ApplicationFilterChain.doFilter(ApplicationFilterChain.java:107) ~[tomcat-embed-core-11.0.22.jar:11.0.22]
	at org.springframework.web.filter.RequestContextFilter.doFilterInternal(RequestContextFilter.java:100) ~[spring-web-7.0.8.jar:7.0.8]
	at org.springframework.web.filter.OncePerRequestFilter.doFilter(OncePerRequestFilter.java:116) ~[spring-web-7.0.8.jar:7.0.8]
	at org.apache.catalina.core.ApplicationFilterChain.doFilter(ApplicationFilterChain.java:107) ~[tomcat-embed-core-11.0.22.jar:11.0.22]
	at org.springframework.web.filter.FormContentFilter.doFilterInternal(FormContentFilter.java:93) ~[spring-web-7.0.8.jar:7.0.8]
	at org.springframework.web.filter.OncePerRequestFilter.doFilter(OncePerRequestFilter.java:116) ~[spring-web-7.0.8.jar:7.0.8]
	at org.apache.catalina.core.ApplicationFilterChain.doFilter(ApplicationFilterChain.java:107) ~[tomcat-embed-core-11.0.22.jar:11.0.22]
	at org.springframework.web.filter.CharacterEncodingFilter.doFilterInternal(CharacterEncodingFilter.java:199) ~[spring-web-7.0.8.jar:7.0.8]
	at org.springframework.web.filter.OncePerRequestFilter.doFilter(OncePerRequestFilter.java:116) ~[spring-web-7.0.8.jar:7.0.8]
	at org.apache.catalina.core.ApplicationFilterChain.doFilter(ApplicationFilterChain.java:107) ~[tomcat-embed-core-11.0.22.jar:11.0.22]
	at org.apache.catalina.core.StandardWrapperValve.invoke(StandardWrapperValve.java:165) ~[tomcat-embed-core-11.0.22.jar:11.0.22]
	at org.apache.catalina.core.StandardContextValve.invoke(StandardContextValve.java:77) ~[tomcat-embed-core-11.0.22.jar:11.0.22]
	at org.apache.catalina.authenticator.AuthenticatorBase.invoke(AuthenticatorBase.java:492) ~[tomcat-embed-core-11.0.22.jar:11.0.22]
	at org.apache.catalina.core.StandardHostValve.invoke(StandardHostValve.java:113) ~[tomcat-embed-core-11.0.22.jar:11.0.22]
	at org.apache.catalina.valves.ErrorReportValve.invoke(ErrorReportValve.java:83) ~[tomcat-embed-core-11.0.22.jar:11.0.22]
	at org.apache.catalina.core.StandardEngineValve.invoke(StandardEngineValve.java:72) ~[tomcat-embed-core-11.0.22.jar:11.0.22]
	at org.apache.catalina.connector.CoyoteAdapter.service(CoyoteAdapter.java:341) ~[tomcat-embed-core-11.0.22.jar:11.0.22]
	at org.apache.coyote.http11.Http11Processor.service(Http11Processor.java:397) ~[tomcat-embed-core-11.0.22.jar:11.0.22]
	at org.apache.coyote.AbstractProcessorLight.process(AbstractProcessorLight.java:63) ~[tomcat-embed-core-11.0.22.jar:11.0.22]
	at org.apache.coyote.AbstractProtocol$ConnectionHandler.process(AbstractProtocol.java:1272) ~[tomcat-embed-core-11.0.22.jar:11.0.22]
	at org.apache.tomcat.util.net.NioEndpoint$SocketProcessor.doRun(NioEndpoint.java:1801) ~[tomcat-embed-core-11.0.22.jar:11.0.22]
	at org.apache.tomcat.util.net.SocketProcessorBase.run(SocketProcessorBase.java:52) ~[tomcat-embed-core-11.0.22.jar:11.0.22]
	at org.apache.tomcat.util.threads.ThreadPoolExecutor.runWorker(ThreadPoolExecutor.java:946) ~[tomcat-embed-core-11.0.22.jar:11.0.22]
	at org.apache.tomcat.util.threads.ThreadPoolExecutor$Worker.run(ThreadPoolExecutor.java:480) ~[tomcat-embed-core-11.0.22.jar:11.0.22]
	at org.apache.tomcat.util.threads.TaskThread$WrappingRunnable.run(TaskThread.java:57) ~[tomcat-embed-core-11.0.22.jar:11.0.22]
	at java.base/java.lang.Thread.run(Thread.java:1583) ~[na:na]

Hibernate: 
    select
        dh1_0.id,
        dh1_0.dia_chi_nhan,
        dh1_0.ghi_chu,
        dh1_0.ho_ten_nhan,
        dh1_0.khach_hang_id,
        dh1_0.ngay_dat,
        dh1_0.so_dien_thoai_nhan,
        dh1_0.tong_tien,
        dh1_0.trang_thai 
    from
        don_hang dh1_0 
    order by
        dh1_0.ngay_dat desc
Hibernate: 
    select
        kh1_0.id,
        kh1_0.dia_chi,
        kh1_0.email,
        kh1_0.ho_ten,
        kh1_0.so_dien_thoai,
        kh1_0.tai_khoan_id 
    from
        khach_hang kh1_0 
    where
        kh1_0.id=?
Hibernate: 
    select
        tk1_0.id,
        tk1_0.mat_khau,
        tk1_0.ten_dang_nhap,
        tk1_0.trang_thai,
        tk1_0.vai_tro 
    from
        tai_khoan tk1_0 
    where
        tk1_0.id=?
Hibernate: 
    select
        dh1_0.id,
        dh1_0.dia_chi_nhan,
        dh1_0.ghi_chu,
        dh1_0.ho_ten_nhan,
        kh1_0.id,
        kh1_0.dia_chi,
        kh1_0.email,
        kh1_0.ho_ten,
        kh1_0.so_dien_thoai,
        kh1_0.tai_khoan_id,
        dh1_0.ngay_dat,
        dh1_0.so_dien_thoai_nhan,
        dh1_0.tong_tien,
        dh1_0.trang_thai 
    from
        don_hang dh1_0 
    left join
        khach_hang kh1_0 
            on kh1_0.id=dh1_0.khach_hang_id 
    where
        dh1_0.id=?
Hibernate: 
    select
        ctdh1_0.id,
        ctdh1_0.don_hang_id,
        ctdh1_0.gia_ban,
        ctdh1_0.san_pham_id,
        ctdh1_0.so_luong 
    from
        chi_tiet_don_hang ctdh1_0 
    where
        ctdh1_0.don_hang_id=?
Hibernate: 
    select
        sp1_0.id,
        sp1_0.anh_url,
        dm1_0.id,
        dm1_0.mo_ta,
        dm1_0.ten_danh_muc,
        sp1_0.gia,
        sp1_0.mo_ta,
        sp1_0.ngay_tao,
        sp1_0.so_luong,
        sp1_0.ten_san_pham,
        th1_0.id,
        th1_0.mo_ta,
        th1_0.ten_thuong_hieu 
    from
        san_pham sp1_0 
    left join
        danh_muc dm1_0 
            on dm1_0.id=sp1_0.danh_muc_id 
    left join
        thuong_hieu th1_0 
            on th1_0.id=sp1_0.thuong_hieu_id 
    where
        sp1_0.id=?
Hibernate: 
    select
        dh1_0.id,
        dh1_0.dia_chi_nhan,
        dh1_0.ghi_chu,
        dh1_0.ho_ten_nhan,
        kh1_0.id,
        kh1_0.dia_chi,
        kh1_0.email,
        kh1_0.ho_ten,
        kh1_0.so_dien_thoai,
        kh1_0.tai_khoan_id,
        dh1_0.ngay_dat,
        dh1_0.so_dien_thoai_nhan,
        dh1_0.tong_tien,
        dh1_0.trang_thai 
    from
        don_hang dh1_0 
    left join
        khach_hang kh1_0 
            on kh1_0.id=dh1_0.khach_hang_id 
    where
        dh1_0.id=?
Hibernate: 
    update
        don_hang 
    set
        dia_chi_nhan=?,
        ghi_chu=?,
        ho_ten_nhan=?,
        khach_hang_id=?,
        ngay_dat=?,
        so_dien_thoai_nhan=?,
        tong_tien=?,
        trang_thai=? 
    where
        id=?
Hibernate: 
    select
        dh1_0.id,
        dh1_0.dia_chi_nhan,
        dh1_0.ghi_chu,
        dh1_0.ho_ten_nhan,
        kh1_0.id,
        kh1_0.dia_chi,
        kh1_0.email,
        kh1_0.ho_ten,
        kh1_0.so_dien_thoai,
        kh1_0.tai_khoan_id,
        dh1_0.ngay_dat,
        dh1_0.so_dien_thoai_nhan,
        dh1_0.tong_tien,
        dh1_0.trang_thai 
    from
        don_hang dh1_0 
    left join
        khach_hang kh1_0 
            on kh1_0.id=dh1_0.khach_hang_id 
    where
        dh1_0.id=?
Hibernate: 
    select
        ctdh1_0.id,
        ctdh1_0.don_hang_id,
        ctdh1_0.gia_ban,
        ctdh1_0.san_pham_id,
        ctdh1_0.so_luong 
    from
        chi_tiet_don_hang ctdh1_0 
    where
        ctdh1_0.don_hang_id=?
Hibernate: 
    select
        sp1_0.id,
        sp1_0.anh_url,
        dm1_0.id,
        dm1_0.mo_ta,
        dm1_0.ten_danh_muc,
        sp1_0.gia,
        sp1_0.mo_ta,
        sp1_0.ngay_tao,
        sp1_0.so_luong,
        sp1_0.ten_san_pham,
        th1_0.id,
        th1_0.mo_ta,
        th1_0.ten_thuong_hieu 
    from
        san_pham sp1_0 
    left join
        danh_muc dm1_0 
            on dm1_0.id=sp1_0.danh_muc_id 
    left join
        thuong_hieu th1_0 
            on th1_0.id=sp1_0.thuong_hieu_id 
    where
        sp1_0.id=?
Hibernate: 
    select
        top (?) sp1_0.id,
        sp1_0.anh_url,
        sp1_0.danh_muc_id,
        sp1_0.gia,
        sp1_0.mo_ta,
        sp1_0.ngay_tao,
        sp1_0.so_luong,
        sp1_0.ten_san_pham,
        sp1_0.thuong_hieu_id 
    from
        san_pham sp1_0 
    where
        (
            ? is null 
            or sp1_0.ten_san_pham like ? 
            or sp1_0.mo_ta like ?
        ) 
        and (
            ? is null 
            or sp1_0.danh_muc_id=?
        ) 
        and (
            ? is null 
            or sp1_0.thuong_hieu_id=?
        ) 
        and (
            ? is null 
            or sp1_0.gia>=?
        ) 
        and (
            ? is null 
            or sp1_0.gia<=?
        ) 
    order by
        sp1_0.ngay_tao desc
Hibernate: 
    select
        dm1_0.id,
        dm1_0.mo_ta,
        dm1_0.ten_danh_muc 
    from
        danh_muc dm1_0 
    where
        dm1_0.id=?
Hibernate: 
    select
        th1_0.id,
        th1_0.mo_ta,
        th1_0.ten_thuong_hieu 
    from
        thuong_hieu th1_0 
    where
        th1_0.id=?
Hibernate: 
    select
        th1_0.id,
        th1_0.mo_ta,
        th1_0.ten_thuong_hieu 
    from
        thuong_hieu th1_0 
    where
        th1_0.id=?
Hibernate: 
    select
        th1_0.id,
        th1_0.mo_ta,
        th1_0.ten_thuong_hieu 
    from
        thuong_hieu th1_0 
    where
        th1_0.id=?
Hibernate: 
    select
        th1_0.id,
        th1_0.mo_ta,
        th1_0.ten_thuong_hieu 
    from
        thuong_hieu th1_0 
    where
        th1_0.id=?
Hibernate: 
    select
        top (?) sp1_0.id,
        sp1_0.anh_url,
        sp1_0.danh_muc_id,
        sp1_0.gia,
        sp1_0.mo_ta,
        sp1_0.ngay_tao,
        sp1_0.so_luong,
        sp1_0.ten_san_pham,
        sp1_0.thuong_hieu_id 
    from
        san_pham sp1_0 
    where
        (
            ? is null 
            or sp1_0.ten_san_pham like ? 
            or sp1_0.mo_ta like ?
        ) 
        and (
            ? is null 
            or sp1_0.danh_muc_id=?
        ) 
        and (
            ? is null 
            or sp1_0.thuong_hieu_id=?
        ) 
        and (
            ? is null 
            or sp1_0.gia>=?
        ) 
        and (
            ? is null 
            or sp1_0.gia<=?
        ) 
    order by
        sp1_0.ngay_tao desc
Hibernate: 
    select
        dm1_0.id,
        dm1_0.mo_ta,
        dm1_0.ten_danh_muc 
    from
        danh_muc dm1_0 
    where
        dm1_0.id=?
Hibernate: 
    select
        th1_0.id,
        th1_0.mo_ta,
        th1_0.ten_thuong_hieu 
    from
        thuong_hieu th1_0 
    where
        th1_0.id=?
Hibernate: 
    select
        th1_0.id,
        th1_0.mo_ta,
        th1_0.ten_thuong_hieu 
    from
        thuong_hieu th1_0 
    where
        th1_0.id=?
Hibernate: 
    select
        th1_0.id,
        th1_0.mo_ta,
        th1_0.ten_thuong_hieu 
    from
        thuong_hieu th1_0 
    where
        th1_0.id=?
Hibernate: 
    select
        th1_0.id,
        th1_0.mo_ta,
        th1_0.ten_thuong_hieu 
    from
        thuong_hieu th1_0 
    where
        th1_0.id=?
Hibernate: 
    select
        count_big(sp1_0.id) 
    from
        san_pham sp1_0 
    where
        (
            ? is null 
            or sp1_0.ten_san_pham like ? 
            or sp1_0.mo_ta like ?
        ) 
        and (
            ? is null 
            or sp1_0.danh_muc_id=?
        ) 
        and (
            ? is null 
            or sp1_0.thuong_hieu_id=?
        ) 
        and (
            ? is null 
            or sp1_0.gia>=?
        ) 
        and (
            ? is null 
            or sp1_0.gia<=?
        )
Hibernate: 
    select
        dm1_0.id,
        dm1_0.mo_ta,
        dm1_0.ten_danh_muc 
    from
        danh_muc dm1_0
Hibernate: 
    select
        th1_0.id,
        th1_0.mo_ta,
        th1_0.ten_thuong_hieu 
    from
        thuong_hieu th1_0
[INFO] ------------------------------------------------------------------------
[INFO] BUILD FAILURE
[INFO] ------------------------------------------------------------------------
[INFO] Total time:  15:01 min
[INFO] Finished at: 2026-06-21T03:05:22+07:00
[INFO] ------------------------------------------------------------------------
[ERROR] Failed to execute goal org.springframework.boot:spring-boot-maven-plugin:4.1.1-SNAPSHOT:run (default-cli) on project app: Process terminated with exit code: 1 -> [Help 1]
[ERROR] 
[ERROR] To see the full stack trace of the errors, re-run Maven with the -e switch.
[ERROR] Re-run Maven using the -X switch to enable full debug logging.
[ERROR] 
[ERROR] For more information about the errors and possible solutions, please read the following articles:
[ERROR] [Help 1] http://cwiki.apache.org/confluence/display/MAVEN/MojoExecutionException
